timestamp,latitude,longitude,speed,satellites,imu_x,imu_y,imu_z,gyro_x,gyro_y,gyro_z,pressure
1768734509.2489371,11.1279535,77.18588933333334,1.0315640000000001,9,-2308,-3444,15996,262,-247,56,
1768734510.5594866,11.127978,77.185899,0.12408400000000001,12,-2504,-3444,15932,242,-253,31,
1768734511.9031532,11.128002333333333,77.18590666666667,2.840968,12,-2504,-3444,15932,242,-253,31,
1768734513.2302825,11.127996166666666,77.18591083333334,2.840968,12,-2500,-3476,15952,303,-271,93,
1768734514.573817,11.127997333333333,77.18591733333334,0.7296880000000001,12,-2676,-3492,15772,351,-511,68,
1768734515.9009771,11.127999333333333,77.185923,0.7296880000000001,12,-2676,-3492,15772,351,-511,68,
1768734517.2280612,11.128003166666666,77.18592783333334,0.440776,12,-2664,-3572,15908,233,-232,39,
1768734518.5552456,11.128002333333333,77.185931,0.440776,12,-2664,-3572,15908,233,-232,39,
1768734519.8657212,11.128000666666667,77.18593183333333,0.109268,12,-2568,-3164,14080,2602,-1037,765,
1768734521.1603289,11.128000166666666,77.18593466666667,0.109268,12,-2568,-3164,14080,2602,-1037,765,
1768734522.4706411,11.127999,77.18593383333334,0.5852320000000001,12,-1940,1368,17164,-126,-408,4,
1768734523.7812529,11.1279975,77.185934,0.050004,12,-3044,320,32208,-2281,905,690,
1768734525.1410365,11.1279975,77.185935,0.050004,12,-3044,320,32208,-2281,905,690,
1768734526.3029215,11.127992333333333,77.1859355,0.10186,12,-2524,-2344,652,798,-1090,-190,
1768734527.5134337,11.127989333333334,77.18593616666666,0.072228,12,2352,3688,12120,8,-169,384,
1768734528.4924245,11.127987,77.18593733333333,0.072228,12,2352,3688,12120,8,-169,384,
1768734529.636891,11.127988666666667,77.1859395,0.911184,12,-6248,-1900,10908,348,368,16,
1768734530.5327234,11.1279885,77.18594066666667,0.405588,12,-1100,5004,27540,-265,-745,13,
1768734531.6440132,11.127987833333334,77.1859415,0.653756,12,-548,1856,13656,412,-269,122,
1768734532.672883,11.127988166666666,77.18594366666666,0.45929600000000004,12,532,15480,24172,-4285,2017,582,
1768734533.7842474,11.1279885,77.18594516666667,0.45929600000000004,12,532,15480,24172,-4285,2017,582,
1768734534.7130115,11.127988166666666,77.18594566666667,0.06296800000000001,12,20608,2100,16348,1147,-4999,-3817,
1768734535.7585917,11.127987666666666,77.1859455,0.383364,12,-26992,-2160,32767,1699,2339,-3889,
1768734536.703736,11.127987666666666,77.185946,0.644496,12,-26992,-2160,32767,1699,2339,-3889,
1768734537.7657468,11.127986166666666,77.18594666666667,0.644496,12,4656,15296,27840,257,-631,-4579,
1768734538.677781,11.127985166666667,77.185948,0.029632000000000002,12,-26368,-28572,29796,-6876,4752,-116,
1768734539.772805,11.1279855,77.1859485,0.255576,12,-26368,-28572,29796,-6876,4752,-116,
1768734540.6684492,11.127985166666667,77.18594883333333,0.255576,12,-26368,-28572,29796,-6876,4752,-116,
1768734541.6972253,11.127986,77.1859455,9.148880000000002,12,-7384,4696,14980,-134,-4374,711,
1768734542.692713,11.127987833333334,77.18592766666667,9.148880000000002,12,-7384,4696,14980,-134,-4374,711,
1768734543.7216992,11.127991166666666,77.18589516666667,15.416048,12,12776,1580,-1324,798,-4146,318,
1768734544.6665764,11.128001166666667,77.18585866666666,15.416048,12,12776,1580,-1324,798,-4146,318,
1768734545.661813,11.128020833333334,77.18582916666666,13.854812,12,7604,4024,-5736,663,-2161,-232,
1768734546.6571116,11.128052666666667,77.18581433333334,19.321916,12,20392,6128,1520,892,-5436,772,
1768734547.685977,11.128097,77.18582,22.892572,12,20392,6128,1520,892,-5436,772,
1768734548.6480243,11.128150166666666,77.18583616666666,24.185268,12,20392,6128,1520,892,-5436,772,
1768734549.6927752,11.1282085,77.185851,24.185268,12,14128,2740,-1236,-415,-3583,103,
1768734550.6879907,11.128260166666667,77.1858605,18.953368,12,-27148,-5880,19812,137,3729,-1179,
1768734551.7166135,11.128290666666667,77.18586466666666,9.141472,12,6396,7012,32255,-4024,-5193,5951,
1768734552.6958098,11.128299333333333,77.1858665,0.105564,12,5052,8664,25704,1134,-4958,5064,
1768734553.6745706,11.128300166666667,77.18586733333333,0.161124,12,10564,-23548,32767,-6298,-589,-2206,
1768734554.6693685,11.1283,77.185868,0.161124,12,10564,-23548,32767,-6298,-589,-2206,
1768734555.6154757,11.1283045,77.18587016666666,12.434328,12,-15176,-7888,32760,-1880,1892,-1217,
1768734556.6601083,11.128327166666667,77.18587916666667,12.434328,12,-15176,-7888,32760,-1880,1892,-1217,
1768734557.60634,11.128357666666666,77.18589,8.006196000000001,12,-1544,-3692,32767,3563,1313,-4801,
1768734558.6014135,11.128380833333333,77.185898,8.006196000000001,12,-1544,-3692,32767,3563,1313,-4801,
1768734559.6301413,11.1284055,77.18590566666667,11.126816,12,6940,12360,11263,323,2677,-1581,
1768734560.7081141,11.128445,77.18589933333334,18.647788000000002,12,30208,-6392,5268,-8086,5957,-573,
1768734561.6534896,11.1284985,77.1858475,44.798028,12,8624,-10536,14488,-3716,-2814,-499,
1768734562.715828,11.128571,77.18577033333334,44.798028,12,8624,-10536,14488,-3716,-2814,-499,
1768734563.760495,11.1286765,77.1856915,62.408696000000006,12,-26024,14060,25160,486,3777,3470,
1768734564.7228417,11.1288145,77.1856295,70.124128,12,-26024,14060,25160,486,3777,3470,
1768734565.7010188,11.128981,77.185599,70.124128,12,-26024,14060,25160,486,3777,3470,
1768734566.763143,11.129168166666666,77.18560883333333,77.20062000000001,12,5892,-30100,32712,-1285,5148,1109,
1768734567.725262,11.129364833333334,77.185662,83.26036400000001,12,12724,12332,16396,1219,-3326,396,
1768734568.8032653,11.129562833333333,77.185755,88.9886,12,12031,28064,-32672,1694,-412,2777,
1768734569.7992182,11.129755,77.18585616666667,77.10802,12,32668,16268,-3092,3063,-7567,3435,
1768734570.760825,11.129937666666667,77.18593616666666,71.18162000000001,12,32668,16268,-3092,3063,-7567,3435,
1768734571.7394004,11.130114833333334,77.18597983333333,71.18162000000001,12,32668,16268,-3092,3063,-7567,3435,
1768734572.7021735,11.130283333333333,77.18598216666666,60.943763999999994,12,7935,32744,-32513,4584,-1,842,
1768734573.7634747,11.130433333333333,77.18594166666666,62.52352,12,7935,32744,-32513,4584,-1,842,
1768734574.7752979,11.130562833333334,77.18585666666667,62.52352,12,7935,32744,-32513,4584,-1,842,
1768734575.8207147,11.130671833333333,77.18572566666667,77.71918000000001,12,7292,16256,-32616,7307,1731,-109,
1768734576.7994196,11.130751,77.185553,74.724496,12,6256,13212,-32616,-600,-4440,953,
1768734577.7783825,11.1307795,77.185365,74.724496,12,6256,13212,-32616,-600,-4440,953,
1768734578.7566912,11.1307455,77.18518133333333,74.546704,12,-18220,552,14335,7591,2699,-1185,
1768734579.7354429,11.130646,77.18501516666667,78.71000000000001,12,3240,15336,7423,7484,6586,-1497,
1768734580.68093,11.130492166666667,77.1848715,94.02048400000001,12,17716,32767,19348,-842,-395,2391,
1768734581.6595914,11.130296333333334,77.18474966666666,97.944872,12,17716,32767,19348,-842,-395,2391,
1768734582.6225214,11.130074166666667,77.1846515,97.944872,12,17716,32767,19348,-842,-395,2391,
1768734583.7168658,11.129829333333333,77.18457516666666,103.780524,12,3268,-8356,32767,1830,-5416,1538,
1768734584.6955552,11.129564166666666,77.1845205,115.03698000000001,12,-32768,8564,21760,3055,-3664,1760,
1768734585.6742675,11.129281333333333,77.18448666666667,115.03698000000001,12,-32768,8564,21760,3055,-3664,1760,
1768734586.7528477,11.1289865,77.1844685,118.78913200000001,12,-8448,29984,4664,1464,-935,472,
1768734587.7647338,11.128680833333334,77.18445566666666,119.911444,12,23768,2696,20252,-6953,-11559,-1442,
1768734588.776609,11.128377333333333,77.1844425,106.556672,12,23768,2696,20252,-6953,-11559,-1442,
1768734589.8220313,11.128099666666667,77.184444,106.556672,12,23768,2696,20252,-6953,-11559,-1442,
1768734590.8833492,11.1278505,77.18448616666667,98.66715200000002,12,15096,-200,32767,-3484,1393,-1584,
1768734591.8951304,11.127625333333333,77.18457716666667,96.302148,12,-896,20108,12287,4309,-2649,-642,
1768734592.8074524,11.127437833333333,77.18472366666667,93.944552,12,-32556,20544,-21760,1171,-3773,548,
1768734593.7702105,11.127279833333333,77.18489483333333,91.431388,12,10764,1252,-1744,5280,5580,-1728,
1768734594.864634,11.127125166666668,77.18504266666666,75.741244,12,32756,-968,4120,1881,3903,-5392,
1768734595.8931956,11.126958166666666,77.18514233333333,76.7191,12,32756,-968,4120,1881,3903,-5392,
1768734596.9548388,11.126772333333333,77.18517616666666,76.7191,12,32756,-968,4120,1881,3903,-5392,
1768734597.884292,11.126567666666666,77.185141,85.160516,12,-22096,15088,18943,2973,-33,-3611,
1768734598.929488,11.126359833333334,77.18505316666666,92.25738,12,-15628,14688,2303,3828,-863,-841,
1768734599.9077282,11.126151833333333,77.1849265,98.48936,12,4884,10120,-14040,-1141,-2299,-1870,
1768734600.9034786,11.125967,77.18478983333333,87.836656,12,11916,380,32704,-1593,-3060,1542,
1768734601.8818274,11.125820166666667,77.18465716666667,63.055043999999995,12,14335,32767,-13824,-2850,-10620,1773,
1768734602.844604,11.125719,77.184523,63.055043999999995,12,14335,32767,-13824,-2850,-10620,1773,
1768734603.8560197,11.125672166666666,77.18438083333334,58.102796000000005,12,32592,-29184,-13313,-7514,5026,1517,
1768734604.7681537,11.125698166666666,77.18424383333333,55.50814400000001,12,-20320,-27488,27532,371,2,2265,
1768734605.6976097,11.125794166666667,77.18412733333334,73.602184,12,-12032,22548,-32768,-2268,-6042,-3353,
1768734606.709276,11.125947666666667,77.184041,73.602184,12,-12032,22548,-32768,-2268,-6042,-3353,
1768734607.6718802,11.126143166666667,77.18399483333333,83.42519200000001,12,32767,20608,7167,3376,2056,-1234,
1768734608.7993643,11.126368333333334,77.1839765,99.919104,12,11992,-32768,19967,2011,-293,-5025,
1768734609.7950962,11.126614166666666,77.18396966666667,106.86595600000001,12,11992,-32768,19967,2011,-293,-5025,
1768734610.77379,11.126877333333333,77.18396933333334,113.697984,12,-2824,3204,-27649,3786,740,-3595,
1768734611.8185089,11.127158166666666,77.18397216666666,118.940996,12,-2824,3204,-27649,3786,740,-3595,
1768734612.7478173,11.127453166666667,77.18397566666667,118.940996,12,-3304,-25448,32767,-719,1031,-1941,
1768734613.9423342,11.1277585,77.183983,126.71013600000002,12,2560,31999,15284,3763,-3628,5587,
1768734614.9372811,11.1280735,77.18399533333333,126.71013600000002,12,2560,31999,15284,3763,-3628,5587,
1768734615.9655662,11.128398333333333,77.1840175,133.419932,12,20748,-2172,32672,2341,4461,387,
1768734617.0443654,11.12873,77.18404983333333,133.419932,12,-8872,-11100,13548,-3058,-3519,2517,
1768734618.0728002,11.129066666666667,77.184086,121.56157600000002,12,-3768,-7064,27960,-942,3902,1757,
1768734619.1343415,11.1293815,77.18411183333333,101.87666800000001,12,6944,-23904,32520,-1429,1110,3420,
1768734620.1629286,11.129652166666666,77.184112,90.95542400000001,12,6944,-23904,32520,-1429,1110,3420,
1768734621.2247007,11.129883666666666,77.18406733333333,88.462632,12,964,25712,11252,8546,-3622,-3293,
1768734622.170471,11.130083,77.18396766666666,80.526812,12,964,25712,11252,8546,-3622,-3293,
1768734623.232169,11.1302355,77.18382633333333,72.646552,12,964,25712,11252,8546,-3622,-3293,
1768734624.227192,11.130321,77.18365933333334,69.220352,12,-7612,18472,32516,202,-7977,-1795,
1768734625.2556708,11.130333,77.18348433333334,69.52408,12,22783,6936,-32513,4570,-8425,-5041,
1768734626.234335,11.130271166666667,77.18332316666667,72.38356800000001,12,22783,6936,-32513,4570,-8425,-5041,
1768734627.1467535,11.130142166666667,77.183202,77.82844800000001,12,22783,6936,-32513,4570,-8425,-5041,
1768734628.0923364,11.1299635,77.183144,77.82844800000001,12,22783,6936,-32513,4570,-8425,-5041,
1768734629.0710828,11.129756166666667,77.183157,93.383396,12,-2624,-32704,32648,2850,1355,53,
1768734630.016649,11.1295395,77.18322816666667,101.402556,12,-2624,-32704,32648,2850,1355,53,
1768734630.929037,11.129313666666667,77.183333,101.402556,12,-2624,-32704,32648,2850,1355,53,
1768734631.874618,11.129066666666667,77.1834405,116.329676,12,-32748,-9776,-26108,-5261,-1842,-2033,
1768734632.820102,11.128795,77.1835335,116.329676,12,-32748,-9776,-26108,-5261,-1842,-2033,
1768734633.7987962,11.128504333333334,77.183608,123.919172,12,-11292,15216,-27328,7575,-1011,541,
1768734634.7775347,11.128199833333333,77.18365783333333,123.919172,12,-11292,15216,-27328,7575,-1011,541,
1768734635.823095,11.1278825,77.1836845,131.76054,12,-4096,-11500,32767,4102,-208,-1833,
1768734636.7686396,11.127554666666667,77.18369216666666,131.76054,12,30500,23056,-22612,6510,1791,-5310,
1768734637.8300083,11.1272185,77.18369383333334,137.32024400000003,12,18832,-10820,32767,9344,-1806,-1327,
1768734638.8420298,11.1268755,77.18369466666667,141.213148,12,18832,-10820,32767,9344,-1806,-1327,
1768734639.887476,11.126523833333334,77.18368616666666,139.885264,12,18832,-10820,32767,9344,-1806,-1327,
1768734640.899476,11.126172,77.18368333333333,139.885264,12,11540,28868,13492,-775,-324,-2654,
1768734641.8609705,11.1258605,77.18368066666666,97.763376,12,-956,284,-17504,-4051,-6685,1997,
1768734642.906432,11.125600166666667,77.183673,80.252716,12,-956,284,-17504,-4051,-6685,1997,
1768734643.885191,11.125387833333333,77.18364483333333,80.252716,12,-956,284,-17504,-4051,-6685,1997,
1768734644.8639789,11.125223666666667,77.18357683333333,64.549608,12,5960,15360,-27424,3193,871,2477,
1768734645.925477,11.1251115,77.1834595,69.614828,12,5960,15360,-27424,3193,871,2477,
1768734646.9538884,11.125067833333333,77.183297,79.260044,12,5960,15360,-27424,3193,871,2477,
1768734647.9994824,11.125095,77.1831075,79.260044,12,5960,15360,-27424,3193,871,2477,
1768734649.0280044,11.125196,77.18291666666667,96.289184,12,8492,8332,1791,8597,2438,2089,
1768734650.039955,11.125349,77.1827345,103.058244,12,8492,8332,1791,8597,2438,2089,
1768734651.0515542,11.125511,77.1825365,95.97990000000001,12,-3748,-4560,32556,4718,1170,1281,
1768734651.9639091,11.125632833333333,77.18232083333334,86.568036,12,-3748,-4560,32556,4718,1170,1281,
1768734653.0094726,11.125689333333334,77.18210283333333,86.568036,12,-3748,-4560,32556,4718,1170,1281,
1768734654.070712,11.1256695,77.181902,75.03378000000001,12,18384,30228,-32672,5624,905,1567,
1768734654.9336257,11.125578,77.181737,75.03378000000001,12,18384,30228,-32672,5624,905,1567,
1768734655.9125032,11.125422833333333,77.18161433333333,81.678756,12,10068,-588,32764,8060,4414,586,
1768734656.8581479,11.125218333333333,77.181537,90.410936,12,-8964,15984,32767,5280,7223,-334,
1768734657.8367062,11.124984,77.18151,96.187324,12,-8592,6364,-22017,6500,-4484,2535,
1768734658.848682,11.124738333333333,77.18155166666666,107.04189600000001,12,-2684,14896,-32528,-5968,-3662,242,
1768734659.8606434,11.124502,77.18166766666667,107.04189600000001,12,-2684,14896,-32528,-5968,-3662,242,
1768734660.9221745,11.124294333333333,77.181849,114.40359600000001,12,-10992,-4952,32767,12047,3212,798,
1768734661.8345542,11.124130666666666,77.18208316666667,117.042696,12,-10992,-4952,32767,12047,3212,798,
1768734662.8136618,11.124019833333334,77.1823555,117.042696,12,-10992,-4952,32767,12047,3212,798,
1768734663.8253257,11.1239585,77.1826495,121.67084400000002,12,32724,22916,-32576,1542,-8039,-2771,
1768734664.8039165,11.1239525,77.182956,123.272824,12,32724,22916,-32576,1542,-8039,-2771,
1768734665.8824375,11.124006666666666,77.1832625,123.272824,12,32724,22916,-32576,1542,-8039,-2771,
1768734666.8613195,11.124123166666667,77.18355416666667,125.693388,12,3936,15200,-22528,-8774,-3789,-2373,
1768734667.8067765,11.124292166666667,77.18382216666667,125.693388,12,3936,15200,-22528,-8774,-3789,-2373,
1768734668.901148,11.1245015,77.18406533333334,131.795728,12,3728,6060,32767,-5905,-4121,415,
1768734669.8798935,11.124744166666666,77.18428833333333,131.795728,12,3728,6060,32767,-5905,-4121,415,
1768734670.858559,11.125004166666667,77.18449833333334,135.06636000000003,12,-504,-10340,32767,6217,-2227,174,
1768734671.8372893,11.125272,77.18470616666667,135.06636000000003,12,-504,-10340,32767,6217,-2227,174,
1768734672.8491445,11.125535666666666,77.1849245,131.32346800000002,12,21928,29183,-13736,-1554,-7286,6890,
1768734673.8120933,11.1257665,77.185167,131.32346800000002,12,21928,29183,-13736,-1554,-7286,6890,
1768734674.823867,11.125937,77.18543116666666,118.105744,12,7032,-18512,32700,-3357,-9893,421,
1768734675.8024638,11.126029,77.185718,118.57430000000002,12,7032,-18512,32700,-3357,-9893,421,
1768734676.814186,11.126047333333334,77.186017,120.65594800000001,12,3644,-15472,32764,620,535,524,
1768734677.7597015,11.125995833333333,77.18631616666667,114.51286400000001,12,3644,-15472,32764,620,535,524,
1768734678.8052394,11.125901166666667,77.18659566666666,98.90606000000001,12,3644,-15472,32764,620,535,524,
1768734679.784076,11.1258095,77.18684233333333,98.90606000000001,12,3644,-15472,32764,620,535,524,
1768734680.8453267,11.1257575,77.1870625,77.11172400000001,12,6292,21392,32767,4904,-3434,4437,
1768734681.790774,11.125773166666667,77.18726166666667,76.517232,12,6292,21392,32767,4904,-3434,4437,
1768734682.8361516,11.1258625,77.18743116666667,81.3028,12,6292,21392,32767,4904,-3434,4437,
1768734683.8479893,11.126015666666667,77.18755766666666,81.3028,12,6292,21392,32767,4904,-3434,4437,
1768734684.8266442,11.126216333333334,77.1876245,92.835204,12,-5992,24076,32767,8776,-3026,1810,
1768734685.8385854,11.126442333333333,77.1876205,100.296912,12,9464,10644,32767,5356,-13686,2209,
1768734686.8505588,11.126681,77.18756366666666,100.296912,12,32672,-836,2047,13907,-1460,3574,
1768734687.8293657,11.126934333333333,77.18748283333333,115.890752,12,27544,29268,-32540,-5154,-11176,-2957,
1768734688.8907263,11.127205666666667,77.18739383333333,115.890752,12,27544,29268,-32540,-5154,-11176,-2957,
1768734689.869559,11.127485833333333,77.18728533333334,120.22072800000001,12,-10116,-24064,32767,-8,5151,-3635,
1768734690.8815012,11.127755666666667,77.18714783333333,120.22072800000001,12,-10116,-24064,32767,-8,5151,-3635,
1768734691.8602822,11.1279905,77.18696933333334,113.27572800000002,12,4152,-1812,-32516,1961,-1245,915,
1768734692.80595,11.128173333333333,77.186748,113.914668,12,4152,-1812,-32516,1961,-1245,915,
1768734693.8515203,11.128296333333333,77.18648916666666,116.520432,12,4152,-1812,-32516,1961,-1245,915,
1768734694.863571,11.128385333333334,77.18620933333334,116.520432,12,4152,-1812,-32516,1961,-1245,915,
1768734695.875386,11.12849,77.18595116666667,91.018392,12,-16552,-8464,32767,2688,-1309,434,
1768734696.8538349,11.128622,77.18574916666667,91.018392,12,-16552,-8464,32767,2688,-1309,434,
1768734697.8324919,11.128782666666666,77.185618,82.299176,12,-18564,-10628,32767,3464,-3398,3336,
1768734698.8111613,11.128975833333334,77.185561,89.455304,12,4096,1732,-11192,-2131,-8188,2424,
1768734699.8229058,11.129192333333334,77.185577,95.107608,12,4096,1732,-11192,-2131,-8188,2424,
1768734700.8015628,11.129411,77.18565816666667,102.36189200000001,12,4096,1732,-11192,-2131,-8188,2424,
1768734701.7978024,11.129632833333334,77.18577816666667,102.36189200000001,12,4096,1732,-11192,-2131,-8188,2424,
1768734702.7762654,11.129871,77.18588383333334,93.150044,12,7244,-25788,32656,-2642,1604,2042,
1768734703.7880251,11.130106333333334,77.18593733333333,81.162048,12,7244,-25788,32656,-2642,1604,2042,
1768734704.7999585,11.130318166666667,77.18593833333334,81.162048,12,7244,-25788,32656,-2642,1604,2042,
1768734705.778624,11.1305035,77.18587566666666,77.239512,12,6548,9548,-5377,7041,3459,-852,
1768734706.8239875,11.130646666666667,77.1857475,83.14739200000001,12,6548,9548,-5377,7041,3459,-852,
1768734707.8027499,11.130738666666666,77.18556583333333,83.14739200000001,12,6548,9548,-5377,7041,3459,-852,
1768734708.7981148,11.130765666666667,77.1853515,87.43292000000001,12,-21508,1876,-18404,2061,-329,1147,
1768734709.7767782,11.1307205,77.18513466666667,88.82192,12,2116,-14668,32624,-1416,3356,-2004,
1768734710.7886226,11.130600333333334,77.18494466666667,94.705724,12,-15580,-2556,32767,8407,852,4352,
1768734711.7673693,11.130422166666667,77.18479233333333,100.974744,12,-15580,-2556,32767,8407,852,4352,
1768734712.7793481,11.130201333333334,77.18467816666667,108.08642400000001,12,-15580,-2556,32767,8407,852,4352,
1768734713.7911546,11.129949166666666,77.184592,108.08642400000001,12,-15580,-2556,32767,8407,852,4352,
1768734714.8525176,11.129676166666666,77.18452733333334,118.863212,12,-14700,4836,-30080,-6270,-1566,-742,
1768734715.831309,11.129385,77.18448433333333,118.863212,12,-14700,4836,-30080,-6270,-1566,-742,
1768734716.8101075,11.129079666666666,77.18445816666667,126.799032,12,6236,-27608,32736,-5784,171,786,
1768734717.8220265,11.128764333333333,77.1844405,131.46607200000003,12,6236,-27608,32736,-5784,171,786,
1768734718.867395,11.128438,77.18442416666667,128.904756,12,6236,-27608,32736,-5784,171,786,
1768734719.812932,11.128112166666666,77.18442016666667,128.904756,12,6236,-27608,32736,-5784,171,786,
1768734720.874243,11.127814,77.184472,108.532756,12,32760,6684,24319,1596,1280,241,
1768734721.870362,11.1275645,77.18459416666667,108.532756,12,32760,6684,24319,1596,1280,241,
1768734722.8158827,11.1273625,77.184778,105.98070000000001,12,-3316,-4584,32767,8011,2995,398,
1768734723.8770459,11.127177833333333,77.18497533333333,105.98070000000001,12,-3316,-4584,32767,8011,2995,398,
1768734724.789382,11.127000333333333,77.18512316666667,68.21656800000001,12,-11660,21336,-27905,6614,457,-390,
1768734725.8346398,11.126831,77.185188,74.83006,12,-11660,21336,-27905,6614,457,-390,
1768734726.8137004,11.126652,77.18517366666667,74.83006,12,-11660,21336,-27905,6614,457,-390,
1768734727.858666,11.126462333333333,77.18509783333333,84.41601200000001,12,32680,11928,28196,-2786,-8209,-3648,
1768734728.9203734,11.126264,77.184985,99.874656,12,-2408,19256,-3073,894,2482,-507,
1768734729.898939,11.126058333333333,77.18484716666667,99.874656,12,-2408,19256,-3073,894,2482,-507,
1768734730.9107354,11.125877666666666,77.184704,87.688496,12,-32572,13168,5876,-10189,5721,-326,
1768734731.9065487,11.125751333333334,77.18456466666666,69.064784,12,-18660,14944,-21812,-3058,3939,-526,
1768734732.8850558,11.125684833333333,77.18441933333334,54.491396,12,-32552,-21944,8688,-6432,9369,-92,
1768734733.8637056,11.125683333333333,77.1842785,54.491396,12,-32552,-21944,8688,-6432,9369,-92,
1768734734.9089906,11.125760166666666,77.18415066666667,73.04473200000001,12,13188,-16512,32524,-3770,4542,-33,
1768734735.8543892,11.125905,77.18405433333334,73.04473200000001,12,13188,-16512,32524,-3770,4542,-33,
1768734736.833008,11.1260935,77.184,80.928696,12,624,31892,-22256,3038,-4268,1423,
1768734737.8288226,11.126312,77.183972,90.879492,12,13368,-12256,-3584,-7943,-9178,-488,
1768734738.8074827,11.126554,77.18396116666666,98.839388,12,18220,13704,-30384,-4810,-8817,1360,
1768734739.8193622,11.126813,77.18395683333334,111.90895200000001,12,-17288,-5688,26356,3793,-1898,278,
1768734740.8310695,11.127088833333334,77.18395616666666,111.90895200000001,12,-17288,-5688,26356,3793,-1898,278,
1768734741.8095918,11.1273795,77.18395883333334,121.86900800000001,12,-11400,28064,-32513,4406,-3164,-166,
1768734742.7722425,11.127682,77.18396683333333,121.86900800000001,12,-11400,28064,-32513,4406,-3164,-166,
1768734743.8333793,11.127991833333333,77.18398183333333,128.854752,12,-22032,-10660,32767,2235,-7002,2238,
1768734744.829262,11.128311166666666,77.18400283333334,128.854752,12,-1168,48,31692,-327,-5350,4576,
1768734745.8077848,11.128639166666666,77.184032,134.203328,12,23532,-32768,32767,8220,-9722,85,
1768734746.819423,11.1289725,77.18406866666666,134.203328,12,23532,-32768,32767,8220,-9722,85,
1768734747.7820697,11.129305333333333,77.18409833333334,112.429364,12,32552,21300,21503,2294,-1836,5391,
1768734748.7939672,11.1296025,77.1841025,112.429364,12,7108,-23128,32644,-3754,-1358,3583,
1768734749.8057933,11.129845833333333,77.18406983333334,89.35344400000001,12,1284,-32576,32767,-104,-417,1519,
1768734750.7844508,11.130054,77.18398466666666,89.35344400000001,12,1284,-32576,32767,-104,-417,1519,
1768734751.8298485,11.130220833333333,77.183848,84.917904,12,-22132,-32672,32767,-1059,6126,-2494,
1768734752.808491,11.130323333333333,77.18367933333333,76.33944,12,-2952,26624,-32768,-3258,-7447,-2588,
1768734753.7538517,11.130348,77.18350266666667,69.512968,12,27135,7272,12287,5807,-636,-3447,
1768734754.7990894,11.130293166666666,77.18333983333333,69.242576,12,17151,7944,-32768,3317,-7352,-910,
1768734755.8108296,11.1301645,77.18321616666667,73.676264,12,-14180,-19360,32676,11527,15057,-633,
1768734756.78954,11.129980833333333,77.18315283333334,80.574964,12,-32572,19416,-32768,-8325,-5797,-1121,
1768734757.7853045,11.1297675,77.18316233333333,88.570048,12,-19452,-32516,-32768,-22663,-13254,-67,
1768734758.7971117,11.129544666666666,77.183234,95.57060800000001,12,8703,8444,-32513,14085,1842,-1519,
1768734759.8423502,11.129312333333333,77.18333866666667,111.8608,12,-22716,-2576,-22520,880,-2926,308,
1768734760.820993,11.1290585,77.18344516666667,118.33909600000001,12,26000,1016,-13188,1444,-4638,2319,
1768734761.8327775,11.128780833333334,77.1835375,122.16347599999999,12,26000,1016,-13188,1444,-4638,2319,
1768734762.8114347,11.128485,77.1836075,122.16347599999999,12,26000,1016,-13188,1444,-4638,2319,
1768734763.8567111,11.1281745,77.18365416666667,130.393764,12,-32708,15676,-27684,-599,27,378,
1768734764.8021586,11.127851166666666,77.18368016666666,130.393764,12,7680,-964,27648,2860,-3646,1135,
1768734765.8304543,11.127517833333334,77.1836875,136.6776,12,26852,11960,-17908,-215,-6071,-5829,
1768734766.760274,11.127176666666667,77.18368883333333,136.6776,12,26852,11960,-17908,-215,-6071,-5829,
1768734767.7717948,11.126829666666668,77.18369066666666,138.84073600000002,12,28172,1023,18808,-3906,684,-3219,
1768734768.8329916,11.126477,77.1836915,141.28352400000003,12,13496,-11104,-7168,-7928,-1721,-2596,
1768734769.7957368,11.126129833333334,77.18369183333333,114.38692800000001,12,31900,16968,-7244,-6433,2009,621,
1768734770.8075578,11.125825666666668,77.18368966666667,93.80935600000001,12,-1124,21560,-21249,3385,-4748,2415,
1768734771.7861037,11.125575166666666,77.18367416666666,79.632296,12,-1124,21560,-21249,3385,-4748,2415,
1768734772.8810096,11.125368666666667,77.18363366666667,69.972264,12,-1124,21560,-21249,3385,-4748,2415,
1768734773.8600273,11.125204833333333,77.1835555,69.972264,12,-1124,21560,-21249,3385,-4748,2415,
1768734774.9881215,11.125099166666667,77.18343116666667,64.58664800000001,12,-1192,-32688,764,-4453,4243,2571,
1768734775.9003742,11.1250625,77.18326416666666,79.971212,12,17528,27856,-29304,-1611,2057,923,
1768734776.9121087,11.125101,77.18307516666667,79.971212,12,17528,27856,-29304,-1611,2057,923,
1768734777.9574273,11.1252095,77.18288716666666,96.85034,12,-32636,2560,32255,3303,4540,2085,
1768734778.9359481,11.125370166666666,77.182711,96.85034,12,-32636,2560,32255,3303,4540,2085,
1768734780.0144126,11.1255325,77.18252433333333,92.54814400000001,12,-19856,1436,-13064,-8518,3537,2286,
1768734780.9930465,11.125647333333333,77.1823165,92.54814400000001,12,-19856,1436,-13064,-8518,3537,2286,
1768734781.9052708,11.125692,77.18209466666667,84.99198400000002,12,-21880,-17660,32652,-2746,7010,-276,
1768734782.834845,11.125658666666666,77.18188166666667,84.99198400000002,12,-21880,-17660,32652,-2746,7010,-276,
1768734783.7801113,11.125551666666667,77.18170016666667,84.20303200000001,12,-180,-10012,32767,3198,-6196,3523,
1768734784.8751268,11.125382333333333,77.18156983333333,90.977648,12,-2817,-14408,32736,-6110,1877,1210,
1768734785.9368021,11.125169333333334,77.18150566666667,96.53920400000001,12,-2817,-14408,32736,-6110,1877,1210,
1768734786.9653077,11.124933,77.181507,101.997048,12,-2817,-14408,32736,-6110,1877,1210,
1768734787.9937558,11.124690833333334,77.18157083333334,107.20857600000001,12,-17084,-12712,32767,6493,3735,1162,
1768734789.055353,11.124461166666666,77.181701,111.353352,12,-17084,-12712,32767,6493,3735,1162,
1768734790.2168515,11.124263666666666,77.18189416666667,111.353352,12,-17084,-12712,32767,6493,3735,1162,
1768734791.1786432,11.124112666666667,77.18213733333333,117.235304,12,12888,-9756,32728,-3064,549,1787,
1768734792.2402902,11.124018166666668,77.182416,117.235304,12,12888,-9756,32728,-3064,549,1787,
1768734793.2192369,11.123967166666667,77.18271316666667,122.932056,12,-248,8068,-32704,-6743,-6616,-4224,
1768734794.2476125,11.123959166666667,77.18302233333333,123.743232,12,-248,8068,-32704,-6743,-6616,-4224,
1768734795.309144,11.124012166666667,77.18333083333333,124.545148,12,-248,8068,-32704,-6743,-6616,-4224,
1768734796.2058752,11.124133,77.18362083333334,124.545148,12,23592,-13384,12287,-90,-1971,-1010,
1768734797.1177287,11.124314666666667,77.18388016666667,128.623252,12,29183,32532,-32592,-7961,-3540,-843,
1768734798.1293921,11.124543,77.1841075,128.623252,12,29183,32532,-32592,-7961,-3540,-843,
1768734799.041479,11.124795,77.18432216666666,134.91079200000001,12,-19428,4984,-5080,-11188,4167,596,
1768734799.9386985,11.125059333333333,77.18453366666667,135.74234,12,1760,-140,-21472,-6032,-2004,705,
1768734800.9495125,11.125324333333333,77.18475,137.348024,12,-18216,-17068,32767,6386,-290,2510,
1768734801.812219,11.125579833333333,77.1849825,137.348024,12,-18216,-17068,32767,6386,-290,2510,
1768734802.7905967,11.125802833333333,77.18524583333334,128.106544,12,-25864,-16028,32616,995,-3656,3318,
1768734803.719915,11.125966166666666,77.18553266666666,128.106544,12,-25864,-16028,32616,995,-3656,3318,
1768734804.8317227,11.126048666666666,77.18583633333333,123.49136000000001,12,-13664,-10960,-10752,-8195,-3597,3990,
1768734805.7439065,11.1260485,77.18614416666667,120.78929200000002,12,-32640,11064,-32513,-1665,-12139,-1216,
1768734806.7554924,11.125974666666666,77.1864405,106.50852,12,-32640,11064,-32513,-1665,-12139,-1216,
1768734807.8006816,11.1258705,77.18670166666666,106.50852,12,-32640,11064,-32513,-1665,-12139,-1216,
1768734808.7792144,11.125791833333333,77.18694016666667,83.406672,12,-16128,-18392,-604,-9073,4650,1688,
1768734809.7749133,11.125771666666667,77.187159,79.815644,12,-16128,-18392,-604,-9073,4650,1688,
1768734810.7865849,11.125823166666667,77.1873545,79.815644,12,-16128,-18392,-604,-9073,4650,1688,
1768734811.8650336,11.1259435,77.18751,80.31012799999999,12,-9704,-12488,1428,13067,-3682,1434,
1768734812.843577,11.126117,77.18760466666667,87.894068,12,-9704,-12488,1428,13067,-3682,1434,
1768734813.806322,11.126327833333333,77.18762833333334,96.039164,12,-9704,-12488,1428,13067,-3682,1434,
1768734814.8181508,11.1265595,77.18759516666667,96.039164,12,-9704,-12488,1428,13067,-3682,1434,
1768734815.796936,11.126804666666667,77.18752916666666,103.271224,12,-21504,-24672,32767,-1298,-373,-2,
1768734816.7594078,11.127065833333333,77.18744966666667,117.58718400000001,12,8092,-2884,27320,10829,1240,-1788,
1768734817.8203588,11.127342666666667,77.18736233333334,119.961448,12,8092,-2884,27320,10829,1240,-1788,
1768734818.8158755,11.127621333333334,77.18725233333333,116.81675200000001,12,8092,-2884,27320,10829,1240,-1788,
1768734819.8114426,11.127872666666667,77.18709733333333,116.81675200000001,12,8092,-2884,27320,10829,1240,-1788,
1768734820.8067822,11.128076,77.1868925,114.34433200000001,12,18828,14264,3752,-2079,-1699,775,
1768734821.768909,11.128220833333334,77.18664366666667,118.19464,12,18828,14264,3752,-2079,-1699,775,
1768734822.731181,11.128321833333333,77.18636466666666,118.19464,12,18828,14264,3752,-2079,-1699,775,
1768734823.7595623,11.128422,77.186094,111.68486,12,-11636,-18012,-8704,-8315,-2532,1106,
1768734824.6553266,11.128546333333333,77.18586433333333,90.927644,12,-20180,10292,-10600,-5921,-7258,2307,
1768734825.6506622,11.128714833333333,77.18570366666667,91.509172,12,-20180,10292,-10600,-5921,-7258,2307,
1768734826.6129005,11.128922666666666,77.18561216666667,93.614896,12,-15616,-28416,32680,-554,5648,3685,
1768734827.6080804,11.129152666666666,77.1855965,94.56497200000001,12,-15616,-28416,32680,-554,5648,3685,
1768734828.6034453,11.129378833333334,77.18565733333334,101.29884400000002,12,-15616,-28416,32680,-554,5648,3685,
1768734829.6320286,11.129597666666667,77.18577783333333,103.289744,12,9471,15596,32767,5877,-4030,2281,
1768734830.5938933,11.129827166666667,77.18589733333333,103.289744,12,9471,15596,32767,5877,-4030,2281,
1768734831.6222446,11.130052666666666,77.18596516666666,86.688416,12,4852,-24140,32620,-1648,2964,1256,
1768734832.502247,11.130271333333333,77.18597066666666,86.688416,12,4852,-24140,32620,-1648,2964,1256,
1768734833.5799508,11.130466833333333,77.1859175,79.323012,12,2948,-5260,18687,9621,-127,2796,
1768734834.5752125,11.130620833333333,77.18579833333334,82.917744,12,1336,20904,-5377,4664,-4542,2831,
1768734835.5705297,11.130721833333334,77.18562116666666,82.917744,12,1336,20904,-5377,4664,-4542,2831,
1768734836.5659277,11.1307625,77.185406,88.95156,12,-31312,-6048,7404,-3445,3822,-313,
1768734837.5943432,11.130732833333333,77.18519366666666,84.23822,12,-8708,12688,-29440,-6835,-483,-310,
1768734838.5565205,11.130629333333333,77.18500783333333,85.81242,12,-22272,15668,276,3679,4031,-2100,
1768734839.5850036,11.130465166666667,77.18485183333334,92.35553600000001,12,-7916,11608,-22748,-1577,-2714,-245,
1768734840.5803623,11.1302595,77.18472583333333,104.032396,12,25624,23456,12799,1423,-5256,6041,
1768734841.542528,11.130021333333334,77.18463216666666,104.032396,12,25624,23456,12799,1423,-5256,6041,
1768734842.537912,11.129756166666667,77.184565,110.89035200000001,12,7828,6100,32767,10472,-437,2340,
1768734843.5663853,11.129472666666667,77.18451583333334,116.235224,12,-31336,-12908,6712,2544,3636,-302,
1768734844.5618243,11.1291785,77.18448533333333,125.00259199999999,12,-2708,-16268,32767,20,1223,-1644,
1768734845.5573168,11.128869666666667,77.184466,129.799272,12,-2708,-16268,32767,20,1223,-1644,
1768734846.552852,11.128547833333334,77.18444683333334,129.799272,12,-2708,-16268,32767,20,1223,-1644,
1768734847.647847,11.128225166666667,77.184438,116.23152,12,-17276,-7744,-3452,1348,9780,1565,
1768734848.5436244,11.127926333333333,77.18446933333334,110.595884,12,-17276,-7744,-3452,1348,9780,1565,
1768734849.6214697,11.127663,77.18456666666667,108.96427200000001,12,-17276,-7744,-3452,1348,9780,1565,
1768734850.5839405,11.127444166666667,77.18473216666666,108.96427200000001,12,268,-3740,32632,5871,-2371,1807,
1768734851.6125128,11.12726,77.18492016666667,89.542348,12,-23060,-32768,32767,-2128,-6469,-3000,
1768734852.6078172,11.127082,77.18507333333334,89.542348,12,-23060,-32768,32767,-2128,-6469,-3000,
1768734853.6360965,11.126892833333333,77.18516083333333,85.9328,12,-23600,-14252,14848,-11252,-5750,-4335,
1768734854.53171,11.126684166666667,77.18516633333333,92.844464,12,-23600,-14252,14848,-11252,-5750,-4335,
1768734855.6267765,11.126468666666666,77.18509783333333,92.844464,12,26964,32716,-28161,7583,307,-199,
1768734856.5722117,11.126253666666667,77.18497966666666,100.633976,12,13928,12528,-32513,6317,-6146,-1314,
1768734857.617296,11.126044,77.184837,83.615948,12,13928,12528,-32513,6317,-6146,-1314,
1768734858.5797703,11.125870166666667,77.18469566666667,72.07243199999999,12,13928,12528,-32513,6317,-6146,-1314,
1768734859.6579907,11.125744666666666,77.184553,63.44581600000001,12,255,-1392,-32764,-6234,-4452,-839,
1768734860.6695411,11.125678833333334,77.18440116666666,57.304584000000006,12,255,-1392,-32764,-6234,-4452,-839,
1768734861.6820889,11.1256895,77.18425533333334,66.02194800000001,12,255,-1392,-32764,-6234,-4452,-839,
1768734862.6773732,11.125781333333334,77.18412833333333,66.02194800000001,12,255,-1392,-32764,-6234,-4452,-839,
1768734863.6725342,11.125936333333334,77.18403633333334,74.97822000000001,12,-484,9408,-32768,-9247,-7519,758,
1768734864.6346729,11.126134833333333,77.18398733333333,94.481632,12,-26608,19548,-17200,3810,4048,-1934,
1768734865.6300771,11.126363833333333,77.18396866666667,94.481632,12,-26608,19548,-17200,3810,4048,-1934,
1768734866.5924406,11.126612,77.18396483333333,107.330808,12,6336,3268,28927,-4898,-8546,1749,
1768734867.5876698,11.1268765,77.18396466666667,113.716504,12,6336,3268,28927,-4898,-8546,1749,
1768734868.6161668,11.127157166666667,77.18396683333333,113.716504,12,-32560,7220,-9980,-6059,-3525,268,
1768734869.6114295,11.127452333333334,77.18397316666666,119.07063600000002,12,-24372,-2049,-32512,-10526,-2417,1895,
1768734870.6067877,11.127758333333333,77.1839825,126.41011200000001,12,-32700,20444,-25344,-7975,-3624,-28,
1768734871.6352649,11.128073,77.183996,126.41011200000001,12,-32700,20444,-25344,-7975,-3624,-28,
1768734872.5311484,11.128396833333333,77.18401616666667,130.39561600000002,12,-16092,-1256,32724,-8072,-4883,2334,
1768734873.5263612,11.128727833333333,77.1840465,135.06080400000002,12,24104,18680,-9217,3545,-1922,2470,
1768734874.5221407,11.1290635,77.184084,135.06080400000002,12,11968,27948,32528,11216,173,283,
1768734875.5499659,11.129382833333333,77.18411316666666,105.55288800000001,12,11612,-25408,32512,-5022,-3700,1736,
1768734876.5285976,11.129662833333333,77.1841145,93.11856,12,11612,-25408,32512,-5022,-3700,1736,
1768734877.5240166,11.129899166666666,77.184062,93.11856,12,11612,-25408,32512,-5022,-3700,1736,
1768734878.4861064,11.130092666666666,77.18395566666666,82.110272,12,3572,23524,-20480,-6911,-5294,-1878,
1768734879.5814018,11.130247166666667,77.18381366666667,76.254248,12,3572,23524,-20480,-6911,-5294,-1878,
1768734880.5431786,11.130342833333334,77.183643,76.254248,12,3572,23524,-20480,-6911,-5294,-1878,
1768734881.572106,11.130359833333333,77.18346666666666,68.779576,12,1120,23320,511,9338,-1474,-2266,
1768734882.5341287,11.130296,77.183309,68.779576,12,1120,23320,511,9338,-1474,-2266,
1768734883.6625485,11.130174333333333,77.18319616666666,66.262708,12,15180,6716,-10240,-11863,-2196,-1779,
1768734884.657783,11.130010333333333,77.1831405,79.97676799999999,12,-18872,-3220,-4609,12585,4746,-1619,
1768734885.7355533,11.129818,77.183148,79.97676799999999,12,-18872,-3220,-4609,12585,4746,-1619,
1768734886.6817484,11.1296115,77.183214,89.705324,12,-22172,-28720,32684,-6422,365,794,
1768734887.660424,11.1293895,77.18330933333333,98.631964,12,-4620,-17752,32540,-3057,-1217,431,
1768734888.705193,11.1291485,77.1834105,113.718356,12,-21184,-10264,32767,6244,2670,2017,
1768734889.6671972,11.128882833333334,77.1834985,119.44288800000001,12,-21184,-10264,32767,6244,2670,2017,
1768734890.696022,11.128595166666667,77.1835655,123.31912400000002,12,-21184,-10264,32767,6244,2670,2017,
1768734891.69126,11.128292166666666,77.18361366666667,123.31912400000002,12,-21184,-10264,32767,6244,2670,2017,
1768734892.6865282,11.127977666666666,77.18364833333334,127.27684800000002,12,-9776,-19384,32520,-84,-5375,-1391,
1768734893.7485,11.127652,77.183672,131.143824,12,18044,6884,-13057,8350,-252,-2246,
1768734894.6442995,11.127316833333333,77.18368516666666,134.394084,12,11120,-14524,20991,2634,-3296,-2295,
1768734895.722272,11.126974833333334,77.1836915,139.424116,12,-18792,-7488,-9648,-952,4262,-420,
1768734896.7510958,11.1266265,77.18369366666667,133.384744,12,-18792,-7488,-9648,-952,4262,-420,
1768734897.6468081,11.1262865,77.18369466666667,116.559324,12,-18792,-7488,-9648,-952,4262,-420,
1768734898.6915586,11.125980666666667,77.18369433333334,116.559324,12,-18792,-7488,-9648,-952,4262,-420,
1768734899.6869016,11.125712,77.18369183333333,90.533168,12,-4932,14876,-32652,-11397,-7551,2347,
1768734900.6821954,11.125476333333333,77.18366983333334,77.89512,12,-4932,14876,-32652,-11397,-7551,2347,
1768734901.7273567,11.125283166666666,77.18360516666667,77.89512,12,-4932,14876,-32652,-11397,-7551,2347,
1768734902.8061173,11.125146833333334,77.18349066666667,68.648084,12,-30868,9480,-19456,-10821,-128,3961,
1768734903.8509212,11.125081,77.18333333333334,68.648084,12,-30868,9480,-19456,-10821,-128,3961,
1768734904.8128095,11.125093,77.18314733333334,86.251344,12,-29148,-9428,6304,-4125,-2630,1758,
1768734905.8914497,11.125178,77.1829555,94.829808,12,-29148,-9428,6304,-4125,-2630,1758,
1768734906.9696827,11.125325166666666,77.18277616666667,94.829808,12,-29148,-9428,6304,-4125,-2630,1758,
1768734908.0149245,11.125498166666667,77.1825935,102.037792,12,-10788,-18433,21504,-4396,-6874,258,
1768734908.9939222,11.125638166666667,77.18238666666667,88.03482,12,5892,-15800,28992,-9197,-5083,2056,
1768734909.9888856,11.125706166666667,77.182169,88.03482,12,5892,-15800,28992,-9197,-5083,2056,
1768734910.9509604,11.125696333333334,77.18196116666667,81.33058,12,32704,11228,-4097,7549,-1950,3812,
1768734911.8468175,11.125609666666668,77.18177783333333,81.33058,12,32704,11228,-4097,7549,-1950,3812,
1768734912.8421404,11.125456833333333,77.18163033333333,90.34982,12,-1208,4272,-30024,-7180,-6291,1787,
1768734913.8042526,11.125255833333334,77.18153583333333,90.34982,12,-1208,4272,-30024,-7180,-6291,1787,
1768734914.766383,11.125027833333334,77.1815075,94.705724,12,-19180,24064,32767,9308,6659,1240,
1768734915.7284038,11.124795833333334,77.1815455,94.705724,12,-19180,24064,32767,9308,6659,1240,
1768734916.6414576,11.124570166666667,77.18164783333333,100.94511200000001,12,19748,-32768,32676,1901,9613,-2369,
1768734917.636779,11.124363333333333,77.18181283333334,112.329356,12,-7652,-19256,32767,2257,-2116,82,
1768734918.7145522,11.124189333333334,77.1820315,115.96853600000001,12,-7652,-19256,32767,2257,-2116,82,
1768734919.676718,11.124065166666666,77.18229383333333,115.96853600000001,12,-7652,-19256,32767,2257,-2116,82,
1768734920.6388695,11.123990166666667,77.182584,122.50794800000001,12,-26264,-15580,7784,-2872,3907,195,
1768734921.7007291,11.123964166666667,77.182891,122.50794800000001,12,-26264,-15580,7784,-2872,3907,195,
1768734922.6628397,11.123996666666667,77.183203,124.22290000000001,12,3148,17100,-28852,8709,2327,1696,
1768734923.6248524,11.124094166666668,77.183504,126.77125199999999,12,32744,25132,-32544,-3552,-2816,-846,
1768734924.6868222,11.124252,77.18378133333333,126.77125199999999,12,32744,25132,-32544,-3552,-2816,-846,
1768734925.7486854,11.124460666666666,77.18402716666667,130.97529200000002,12,-20012,24575,-16640,-10961,-2861,-2581,
1768734926.743929,11.124705,77.18424633333333,130.97529200000002,12,-20012,24575,-16640,-10961,-2861,-2581,
1768734927.6394715,11.124963833333334,77.18445583333333,134.55706,12,-12508,-9780,-13057,2098,2083,3089,
1768734928.668239,11.125227,77.18466766666667,134.55706,12,-12508,-9780,-13057,2098,2083,3089,
1768734929.730141,11.125487,77.18488983333333,135.66640800000002,12,29044,32680,-32764,-5822,-6283,-2386,
1768734930.6921332,11.125731333333333,77.18513533333333,132.090196,12,-1184,-4616,-769,2777,-1518,668,
1768734931.7367628,11.125923666666667,77.18541233333333,123.563588,12,-1184,-4616,-769,2777,-1518,668,
1768734932.7161217,11.126040833333333,77.18570783333334,123.563588,12,-1184,-4616,-769,2777,-1518,668,
1768734933.7114096,11.1260785,77.18601116666666,119.29658000000002,12,23400,30440,-32540,8587,-4119,2105,
1768734934.7066672,11.126040333333334,77.18631133333334,119.29658000000002,12,16383,-9492,-18832,-7214,12102,1143,
1768734935.6687903,11.125941333333333,77.1865875,114.498048,12,25452,360,32767,2775,-8685,-119,
1768734936.6475396,11.1258385,77.1868345,101.004376,12,-6712,-26468,32512,1673,13772,3468,
1768734937.7094326,11.125782,77.18706283333333,79.99714,12,-10520,-32,11992,-10232,452,-69,
1768734938.604865,11.125796,77.18727016666666,79.99714,12,-10520,-32,11992,-10232,452,-69,
1768734939.6335638,11.125879,77.18744166666667,77.056164,12,-20156,23364,-32256,-11925,-750,1031,
1768734940.6287043,11.1260225,77.18756516666667,83.23814,12,20004,-31360,-32513,9768,6869,371,
1768734941.6237571,11.126213666666667,77.18762666666667,91.638812,12,20004,-31360,-32513,9768,6869,371,
1768734942.603087,11.126435166666667,77.1876245,98.30230800000001,12,20004,-31360,-32513,9768,6869,371,
1768734943.5652547,11.126669833333333,77.18757466666666,98.30230800000001,12,20004,-31360,-32513,9768,6869,371,
1768734944.6764846,11.1269195,77.18750233333333,113.396108,12,17912,30424,11519,4837,-480,-1234,
1768734945.6886892,11.127185333333333,77.18741966666667,118.25946,12,17912,30424,11519,4837,-480,-1234,
1768734946.5846024,11.1274635,77.18732683333333,118.25946,12,17912,30424,11519,4837,-480,-1234,
1768734947.7119172,11.127737333333334,77.1871965,123.383944,12,-9556,24748,-32768,-13441,1868,-2291,
1768734948.7072554,11.127981833333333,77.18700866666667,121.67084400000002,12,-9556,24748,-32768,-13441,1868,-2291,
1768734949.7025874,11.128172666666666,77.18676783333333,121.67084400000002,12,-9556,24748,-32768,-13441,1868,-2291,
1768734950.6820765,11.128301,77.186487,122.75056000000001,12,25072,13184,-9400,-1181,-4482,2182,
1768734951.726677,11.128397,77.18620533333333,102.634136,12,-32704,-13020,32767,-2438,2904,3527,
1768734952.688733,11.128502166666667,77.18595733333333,92.018472,12,-32704,-13020,32767,-2438,2904,3527,
1768734953.651273,11.128646833333333,77.18576783333333,89.50716,12,920,-18292,32724,-2116,2698,5551,
1768734954.6959958,11.128836666666666,77.18564866666667,91.746228,12,920,-18292,32724,-2116,2698,5551,
1768734955.8074074,11.129058,77.18560616666667,96.409564,12,920,-18292,32724,-2116,2698,5551,
1768734956.7867026,11.129291,77.1856415,96.409564,12,920,-18292,32724,-2116,2698,5551,
1768734957.7156007,11.129523,77.18574083333333,107.169684,12,-32664,-2836,-16940,-6905,13107,1099,
1768734958.7933736,11.129754666666667,77.1858715,97.502244,12,-32664,-2836,-16940,-6905,13107,1099,
1768734959.7397306,11.129985333333334,77.18597216666667,87.53848400000001,12,9588,6976,32748,-5366,-3403,1338,
1768734960.7013867,11.130208166666666,77.18600283333333,87.53848400000001,12,9588,6976,32748,-5366,-3403,1338,
1768734961.7632782,11.130414,77.18595866666666,86.17356000000001,12,-6660,-6976,-25704,-8063,162,1729,
1768734962.725344,11.130590166666666,77.1858405,90.4239,12,-6660,-6976,-25704,-8063,162,1729,
1768734963.6210692,11.130718666666667,77.18565833333334,90.4239,12,-6660,-6976,-25704,-8063,162,1729,
1768734964.6498988,11.130779166666667,77.1854505,84.34008,12,-20260,10208,-32604,6625,1527,-893,
1768734965.6450377,11.130763,77.18524283333333,86.37728,12,4160,29951,-13088,-867,1061,-434,
1768734966.640362,11.130671,77.18505066666667,92.640744,12,4160,29951,-13088,-867,1061,-434,
1768734967.6356313,11.130516666666667,77.184883,92.640744,12,4160,29951,-13088,-867,1061,-434,
1768734968.6648674,11.1303155,77.18474833333333,104.16203600000001,12,32767,32576,-32513,16287,-5237,3916,
1768734969.6758208,11.130078833333334,77.18464866666666,111.262604,12,32767,32576,-32513,16287,-5237,3916,
1768734970.7045226,11.129813833333333,77.184578,111.262604,12,32767,32576,-32513,16287,-5237,3916,
1768734971.6666656,11.129529666666667,77.1845255,120.554088,12,-7788,6399,-13568,-8846,-4557,-1577,
1768734972.7116234,11.129231666666668,77.18449333333334,123.81546000000002,12,-7788,6399,-13568,-8846,-4557,-1577,
1768734973.7735353,11.1289235,77.1844745,123.81546000000002,12,-7788,6399,-13568,-8846,-4557,-1577,
1768734974.7687025,11.128603166666666,77.1844575,132.15501600000002,12,-27044,3272,16639,9854,2374,-1491,
1768734975.7640035,11.1282735,77.18444516666666,120.946712,12,-27044,3272,16639,9854,2374,-1491,
1768734976.726044,11.127962833333333,77.18447,110.469948,12,-27044,3272,16639,9854,2374,-1491,
1768734977.721398,11.127692166666666,77.184556,105.92328800000001,12,-32768,12924,32632,3124,-2995,-2001,
1768734978.7502286,11.127469333333334,77.18470583333334,105.92328800000001,12,-32768,12924,32632,3124,-2995,-2001,
1768734979.778917,11.127284,77.1849,93.41488,12,-32708,9272,32540,260,-7902,726,
1768734980.7410543,11.127105,77.18506816666667,93.41488,12,-32708,9272,32540,260,-7902,726,
1768734981.6366477,11.1269105,77.18516633333333,85.056804,12,-8660,15708,-1840,1724,-7415,-944,
1768734982.6318498,11.126700333333334,77.18518033333334,91.86846,12,32600,-12112,32680,-3794,-4209,245,
1768734983.6938422,11.126485,77.1851175,98.456024,12,32600,-12112,32680,-3794,-4209,245,
1768734984.706028,11.126271833333334,77.185002,98.456024,12,32600,-12112,32680,-3794,-4209,245,
1768734985.8333929,11.126054166666666,77.18485683333333,90.144248,12,-21760,-22016,32767,5470,-15063,66,
1768734986.762859,11.125866166666667,77.18470866666667,71.65573200000001,12,-21760,-22016,32767,5470,-15063,66,
1768734987.8411965,11.125733833333333,77.18456583333334,56.38599200000001,12,16440,3972,-32768,-13925,-11182,-970,
1768734988.8531132,11.125665166666666,77.18442883333333,51.481896,12,16440,3972,-32768,-13925,-11182,-970,
1768734989.8978128,11.125666166666667,77.184298,62.043852,12,16440,3972,-32768,-13925,-11182,-970,
1768734990.9598386,11.125745166666666,77.1841765,62.043852,12,16440,3972,-32768,-13925,-11182,-970,
1768734991.9550297,11.125891333333334,77.18408483333333,72.511356,12,32752,-32644,-32768,-15142,-7109,-530,
1768734993.0001113,11.1260825,77.18402783333333,92.48147200000001,12,-1976,-20844,11008,-3454,-10197,2005,
1768734994.0121047,11.126305,77.18399466666666,99.974664,12,-1976,-20844,11008,-3454,-10197,2005,
1768734994.990666,11.1265495,77.183976,106.08256,12,-1976,-20844,11008,-3454,-10197,2005,
1768734996.0028422,11.126811166666666,77.18396766666666,106.08256,12,-1976,-20844,11008,-3454,-10197,2005,
1768734996.8988574,11.1270895,77.18396466666667,118.23538400000001,12,10800,-24944,32552,-3039,2751,1590,
1768734997.9436045,11.1273825,77.183965,122.180144,12,10800,-24944,32552,-3039,2751,1590,
1768734998.9058719,11.127686333333333,77.1839715,122.180144,12,10800,-24944,32552,-3039,2751,1590,
1768734999.9837878,11.127999333333333,77.18398716666667,125.85266,12,-30852,5456,1064,-4228,-5138,2633,
1768735000.912803,11.128321833333333,77.18401316666667,130.11226,12,21200,-6200,26576,3966,-3623,2219,
1768735001.8417785,11.128653,77.18404466666667,135.65900000000002,12,32552,2508,17116,-1535,-6141,3783,
1768735002.8040617,11.128990333333334,77.18407916666666,129.838164,12,32552,2508,17116,-1535,-6141,3783,
1768735003.7331395,11.129319666666667,77.18410816666666,108.316072,12,32552,2508,17116,-1535,-6141,3783,
1768735004.6953254,11.129607833333333,77.18411216666667,108.316072,12,32552,2508,17116,-1535,-6141,3783,
1768735005.724237,11.129852333333334,77.18407383333333,94.922408,12,12724,10696,32767,9203,-5139,2628,
1768735006.6866477,11.130059833333334,77.1839825,86.718048,12,-13688,-13032,32584,1632,594,-1906,
1768735007.731229,11.130225333333334,77.18383916666667,86.718048,12,-13688,-13032,32584,1632,594,-1906,
1768735008.7266207,11.130326333333333,77.18366483333334,70.335256,12,32584,-18688,24472,1842,-5803,-8171,
1768735009.722004,11.13035,77.18348516666667,70.335256,12,32584,-18688,24472,1842,-5803,-8171,
1768735010.7171254,11.130296833333333,77.1833235,69.331472,12,-32768,16860,-27648,-11349,-5268,-1636,
1768735011.712419,11.130176333333333,77.1832035,75.257872,12,-32768,16860,-27648,-11349,-5268,-1636,
1768735012.6744485,11.130005166666667,77.1831445,84.12339600000001,12,-32768,16860,-27648,-11349,-5268,-1636,
1768735013.6200547,11.129803666666668,77.1831575,84.12339600000001,12,-32768,16860,-27648,-11349,-5268,-1636,
1768735014.648753,11.1295875,77.18322966666666,93.36672800000001,12,18684,23132,-16897,9293,2047,-105,
1768735015.677579,11.12936,77.18332816666667,109.358748,12,9452,-28156,10240,-4060,217,-642,
1768735016.6736119,11.129112,77.18343033333333,109.358748,12,936,-324,5420,-5586,-1390,392,
1768735017.668121,11.128839833333334,77.18352183333333,116.550064,12,-14336,-24988,32628,-5873,6188,-1522,
1768735018.6632886,11.128547833333334,77.18359483333333,121.31155600000001,12,-104,10484,5052,3956,-638,-1040,
1768735019.6585953,11.128241666666666,77.18364433333333,128.976984,12,-10048,26428,-32768,-7031,-13290,-1289,
1768735020.6206098,11.127922833333333,77.18367666666667,132.249468,12,-10048,26428,-32768,-7031,-13290,-1289,
1768735021.6495178,11.127593833333334,77.18369283333334,132.249468,12,-10048,26428,-32768,-7031,-13290,-1289,
1768735022.6783054,11.1272555,77.18369683333333,135.783084,12,21204,9196,-7892,5155,-267,-1694,
1768735023.6402466,11.12691,77.18369716666666,140.259368,12,4984,-8000,19584,-7411,-2872,-3353,
1768735024.7181315,11.126559666666667,77.18369883333334,134.35889600000002,12,4984,-8000,19584,-7411,-2872,-3353,
1768735025.7133489,11.126217166666667,77.18370066666667,134.35889600000002,12,4984,-8000,19584,-7411,-2872,-3353,
1768735026.6928427,11.125913166666667,77.18370166666666,114.97956800000001,12,-6892,-32644,32767,-9183,1530,-3204,
1768735027.6879585,11.125647166666667,77.18369783333333,101.891484,12,-7584,9800,25744,-4210,-3210,1175,
1768735028.6501925,11.125421166666667,77.18367266666667,85.975396,12,-32728,-6984,17188,-3192,-767,3049,
1768735029.6948273,11.125240333333334,77.18360266666667,67.67208000000001,12,7284,26712,-32513,10265,1420,3131,
1768735030.706667,11.1251195,77.18347983333334,73.66144800000001,12,7284,26712,-32513,10265,1420,3131,
1768735031.7354007,11.1250705,77.18330816666666,73.66144800000001,12,7284,26712,-32513,10265,1420,3131,
1768735032.847156,11.125098166666668,77.1831095,90.84430400000001,12,9204,-32768,32680,-123,4345,1133,
1768735033.8921893,11.125200833333333,77.18291283333333,98.54862400000002,12,9204,-32768,32680,-123,4345,1133,
1768735034.870635,11.1253625,77.1827325,101.680356,12,9204,-32768,32680,-123,4345,1133,
1768735035.9329069,11.1255305,77.182541,101.680356,12,12972,-22800,-24832,-10321,-2785,6,
1768735036.9444828,11.125644166666667,77.1823315,91.72030000000001,12,8704,-17240,32767,3691,-3326,1050,
1768735038.0230522,11.125685833333334,77.1821095,83.041828,12,11664,13816,-29088,-2243,-7838,2244,
1768735039.034935,11.125655166666666,77.18189883333334,83.041828,12,11664,13816,-29088,-2243,-7838,2244,
1768735040.046923,11.125551666666667,77.1817185,85.984656,12,9904,32620,-17820,3422,-4828,3321,
1768735041.0587626,11.1253855,77.18158733333334,85.984656,12,9904,32620,-17820,3422,-4828,3321,
1768735042.1038306,11.125176166666666,77.1815215,95.468748,12,21808,32660,-27137,13249,-8212,4387,
1768735043.0822752,11.124942666666668,77.18152133333334,95.468748,12,21808,32660,-27137,13249,-8212,4387,
1768735044.044788,11.124702,77.18158516666666,101.61924,12,18687,-18945,-32768,-12192,-6115,-1719,
1768735045.089919,11.124473,77.18171533333333,107.07523200000001,12,14848,8444,32767,9418,1492,1661,
1768735046.102145,11.124275333333333,77.18190766666666,111.290384,12,4996,-6344,32568,-658,1750,-1279,
1768735046.997586,11.124124833333333,77.18215066666667,117.016768,12,21248,27612,-32768,-1891,1099,-568,
1768735047.9596326,11.124024,77.182427,117.016768,12,-6132,2024,32600,-140,-14779,1078,
1768735048.9215941,11.123969666666667,77.1827255,120.854112,12,-18944,844,-2752,5794,3244,-1308,
1768735049.8836157,11.123963166666666,77.18303716666667,125.13408399999999,12,-32768,-14412,32512,-8900,-2900,-4972,
1768735050.7965555,11.124016833333334,77.18334833333333,125.13408399999999,12,-32768,-14412,32512,-8900,-2900,-4972,
1768735051.7915912,11.124135833333334,77.18364316666667,126.10453199999999,12,-5633,32652,-32768,-5808,-3781,-2876,
1768735052.7868164,11.124314666666667,77.18390816666667,127.03608799999999,12,2824,23668,-32624,-3590,-3030,-1598,
1768735053.715623,11.124543166666667,77.18413616666666,130.84380000000002,12,-9512,-4824,-32768,-9211,-8662,-8033,
1768735054.6619122,11.1247985,77.1843425,130.84380000000002,12,-9512,-4824,-32768,-9211,-8662,-8033,
1768735055.623808,11.125066333333333,77.18454466666667,135.61640400000002,12,24480,-6396,-1080,2709,3004,1668,
1768735056.6684668,11.125333333333334,77.18475666666667,137.48322000000002,12,24480,-6396,-1080,2709,3004,1668,
1768735057.6305425,11.125588166666667,77.18499,137.48322000000002,12,24480,-6396,-1080,2709,3004,1668,
1768735058.6593246,11.125799666666667,77.18525,130.96418,12,27244,32600,-24321,10228,-8829,-411,
1768735059.6547496,11.12595,77.18552633333333,119.01878,12,18076,16152,-21336,6133,289,2862,
1768735060.7167127,11.126026666666666,77.18581866666666,119.01878,12,18076,16152,-21336,6133,289,2862,
1768735061.6451812,11.126023333333332,77.18611966666667,118.85210000000001,12,32328,30956,-32636,-1864,-805,3285,
1768735062.624366,11.125951333333333,77.186412,107.46600400000001,12,-17664,13224,-1464,3984,-5124,821,
1768735063.6690416,11.125858666666666,77.18667766666667,107.46600400000001,12,-17664,13224,-1464,3984,-5124,821,
1768735064.697836,11.125793166666666,77.18691183333334,80.21012,12,-32672,-30148,32692,-6615,11533,-2183,
1768735065.6597967,11.1257695,77.18712166666667,74.498552,12,9772,17644,-32612,-1117,-6162,-1948,
1768735066.6885257,11.1257945,77.18731233333334,71.2557,12,9772,17644,-32612,-1117,-6162,-1948,
1768735067.6837974,11.125882166666667,77.18746966666667,71.2557,12,9772,17644,-32612,-1117,-6162,-1948,
1768735068.6789837,11.126033,77.18757966666666,77.056164,12,24696,328,-14380,-5796,-11042,2729,
1768735069.6581764,11.126233833333334,77.1876305,86.03651200000002,12,-32524,-22792,552,-11316,629,2330,
1768735070.6528964,11.126461,77.18761783333333,93.07781600000001,12,-3500,-23268,7700,-3444,507,1551,
1768735071.5986497,11.126701,77.187556,101.241432,12,-16640,-18148,14847,1375,8400,-132,
1768735072.6274807,11.126957,77.1874755,115.76481600000001,12,-32532,6908,-32524,-9211,-2298,-2193,
1768735073.5896645,11.127229333333334,77.1873895,115.76481600000001,12,-32532,6908,-32524,-9211,-2298,-2193,
1768735074.700954,11.127509,77.187284,120.63557600000001,12,-2596,-16188,-24064,-5791,-4303,-3009,
1768735075.6962194,11.127776166666667,77.18714816666666,118.62245200000001,12,-10240,-11088,32632,312,2673,-2715,
1768735076.691587,11.127998,77.186972,110.269932,12,-15132,32688,-9192,-2480,-8759,-1887,
1768735077.7536297,11.128171,77.18674933333334,112.53307600000001,12,5412,15008,11775,6872,-468,-1525,
1768735078.748934,11.128289666666667,77.1864855,115.18514,12,-8236,-9976,-13824,-20249,-5986,-829,
1768735079.7936914,11.1283775,77.1862035,116.52969200000001,12,3368,16492,-22324,-7244,-3580,1243,
1768735080.7558491,11.128480666666666,77.18595566666667,101.511824,12,3848,22900,-32768,-10737,-2287,16,
1768735081.7179751,11.128627166666666,77.185774,86.588408,12,-25332,14392,-32644,-1832,-2558,3967,
1768735082.746876,11.128810833333333,77.1856555,86.588408,12,-25332,14392,-32644,-1832,-2558,3967,
1768735083.7581422,11.129023166666666,77.1856015,94.207536,12,-32740,-324,-12288,-9326,520,3067,
1768735084.7374995,11.129252333333334,77.18561833333334,100.370992,12,-32740,-324,-12288,-9326,520,3067,
1768735085.7327435,11.12948,77.18570866666667,100.370992,12,-11508,-7976,32767,3863,-2428,4807,
1768735086.7279665,11.1297075,77.18583983333333,106.15664000000001,12,18687,8404,32736,-4150,-10461,3077,
1768735087.6899586,11.1299385,77.1859435,98.709748,12,-3560,10756,-23272,958,-14529,3106,
1768735088.6361406,11.130166833333334,77.1859845,90.614656,12,4824,28852,-32768,1644,758,1641,
1768735089.6806993,11.130380166666667,77.18596,76.745028,12,8092,552,4544,-4264,-4373,1688,
1768735090.6428018,11.130556,77.1858725,77.66362000000001,12,8092,552,4544,-4264,-4373,1688,
1768735091.704791,11.130680666666667,77.185726,84.808636,12,8092,552,4544,-4264,-4373,1688,
1768735092.700118,11.130753333333333,77.18553133333333,84.808636,12,11944,15688,-32548,-3315,-3398,725,
1768735093.6953897,11.130762333333333,77.1853125,88.225576,12,-2756,29776,-32660,268,7,-88,
1768735094.6906855,11.130698,77.18510133333334,92.65370800000001,12,-2756,29776,-32660,268,7,-88,
1768735095.6527958,11.1305625,77.1849175,92.65370800000001,12,-2756,29776,-32660,268,7,-88,
1768735096.6153426,11.1303755,77.18476716666666,96.77626000000001,12,17068,30008,-26080,12476,1200,590,
1768735097.7262983,11.130149,77.18465483333334,102.641544,12,10944,32472,-32680,13205,-3514,388,
1768735098.688409,11.129892333333334,77.1845785,108.59202,12,-19012,32767,-32768,-6109,-1986,2539,
1768735099.750564,11.129614833333333,77.18452883333333,118.49281200000001,12,512,-17564,32672,1752,6113,-1484,
1768735100.6795425,11.129322166666666,77.1844995,118.49281200000001,12,512,-17564,32672,1752,6113,-1484,
1768735101.7574077,11.1290185,77.18447866666666,122.467204,12,22527,31600,-32768,-12247,-8749,-2187,
1768735102.7527654,11.128703333333334,77.18445783333334,127.208324,12,-32360,511,-12288,-8064,7119,-2497,
1768735103.714866,11.128376833333334,77.18443833333333,131.49940800000002,12,-15232,-18764,32632,-7503,5181,-3014,
1768735104.7437398,11.128064666666667,77.18444633333333,109.710628,12,-372,-1960,-11384,1172,1848,-540,
1768735105.7060142,11.127787666666666,77.18450516666667,102.49894,12,-372,-1960,-11384,1172,1848,-540,
1768735106.6681752,11.127556666666667,77.1846265,102.49894,12,-372,-1960,-11384,1172,1848,-540,
1768735107.7460415,11.127368,77.1848045,103.74533600000001,12,-14876,-10200,32767,11573,-1738,2130,
1768735108.7413177,11.127192166666667,77.18498483333333,86.801388,12,21896,20844,32767,7322,-3686,-1384,
1768735109.6701357,11.127007,77.18511366666667,83.723364,12,21896,20844,32767,7322,-3686,-1384,
1768735110.7817192,11.126804166666666,77.18516633333333,87.70886800000001,12,21896,20844,32767,7322,-3686,-1384,
1768735111.7935963,11.1265915,77.185139,87.70886800000001,12,21896,20844,32767,7322,-3686,-1384,
1768735112.871988,11.126382333333334,77.18504666666666,99.583892,12,5008,28868,-32768,-3320,684,1056,
1768735113.8340924,11.1261715,77.18491966666667,94.889072,12,5008,28868,-32768,-3320,684,1056,
1768735114.7962027,11.125973666666667,77.18477916666667,94.889072,12,5008,28868,-32768,-3320,684,1056,
1768735115.858259,11.125818166666667,77.18464216666666,66.899796,12,32656,-32768,32767,2256,-5196,-3761,
1768735116.853501,11.1257175,77.18449883333334,66.899796,12,32656,-32768,32767,2256,-5196,-3761,
1768735117.8985386,11.1256845,77.18434816666667,56.81936,12,-15164,255,32512,-4560,-6564,-260,
1768735118.910576,11.1257235,77.18421066666667,56.81936,12,-15164,255,32512,-4560,-6564,-260,
1768735119.872978,11.125836833333333,77.18409933333334,77.90438,12,3092,-14272,2556,-7775,2857,-1740,
1768735120.8848495,11.126007666666666,77.184025,77.90438,12,3092,-14272,2556,-7775,2857,-1740,
1768735121.8969512,11.126216833333334,77.18398583333334,87.994076,12,4928,13032,2815,13297,6535,-2065,
1768735122.94151,11.1264515,77.18396883333334,96.253996,12,-6657,13912,1023,3828,-5795,1303,
1768735123.9535713,11.126704833333333,77.18396266666667,102.984164,12,4496,20764,28159,7297,2462,1900,
1768735125.0655236,11.126976,77.18395933333333,116.122252,12,-1044,8152,-25601,1550,-6374,55,
1768735126.0767274,11.127263,77.18395766666667,120.36518400000001,12,-1044,8152,-25601,1550,-6374,55,
1768735127.0057497,11.127562,77.183962,120.36518400000001,12,-1044,8152,-25601,1550,-6374,55,
1768735127.9679554,11.127871666666667,77.18397616666667,129.330716,12,-32516,-11768,31788,-1649,-6310,520,
1768735128.9633827,11.128192333333333,77.18399716666667,132.780992,12,-32516,-11768,31788,-1649,-6310,520,
1768735129.925568,11.128522166666666,77.18402316666666,132.780992,12,-32516,-11768,31788,-1649,-6310,520,
1768735130.821298,11.128858,77.18405516666667,131.61423200000002,12,-25824,29492,23896,2066,-1696,2969,
1768735131.849978,11.129189166666666,77.1840895,131.61423200000002,12,-25824,29492,23896,2066,-1696,2969,
1768735132.7457774,11.129489166666668,77.18410816666666,100.61730800000001,12,14008,-16436,32520,-2053,-6820,2287,
1768735133.6747153,11.129751,77.18409233333334,92.759272,12,14008,-16436,32520,-2053,-6820,2287,
1768735134.6700065,11.1299785,77.184025,92.759272,12,14008,-16436,32520,-2053,-6820,2287,
1768735135.6653721,11.130167666666667,77.18390883333333,76.854296,12,17151,18688,-32768,8545,-8266,-2416,
1768735136.6275046,11.1302965,77.18375666666667,76.854296,12,17151,18688,-32768,8545,-8266,-2416,
1768735137.6894913,11.130353166666668,77.18358166666667,70.544532,12,14288,21332,-32768,-3857,-3705,-231,
1768735138.7340977,11.130332,77.18340616666667,73.285492,12,14288,21332,-32768,-3857,-3705,-231,
1768735139.69619,11.130233166666667,77.1832565,73.285492,12,14288,21332,-32768,-3857,-3705,-231,
1768735140.6417775,11.130073,77.18316033333333,83.2011,12,-4844,6192,-11368,108,-1107,-654,
1768735141.703679,11.129873833333333,77.18313316666666,83.2011,12,-4844,6192,-11368,108,-1107,-654,
1768735142.6325614,11.129657666666667,77.183177,97.54484000000001,12,14492,1580,32696,3802,645,-217,
1768735143.6944447,11.1294375,77.18327183333334,97.54484000000001,12,14492,1580,32696,3802,645,-217,
1768735144.656568,11.129203166666667,77.1833825,113.264616,12,-3000,6976,-9704,4348,-303,-1655,
1768735145.7184854,11.128943666666666,77.1834835,113.264616,12,7840,-16256,-20088,-406,-6451,632,
1768735146.614575,11.12866,77.1835645,119.300284,12,-2576,16092,-6468,1671,-2102,-2046,
1768735147.6432717,11.128360333333333,77.1836215,122.47461200000001,12,-32744,7992,2380,-2432,946,1122,
1768735148.6876984,11.128046166666667,77.18365683333333,131.3531,12,-4296,17000,22568,4598,2265,-446,
1768735149.7499504,11.127719166666667,77.18367266666667,131.3531,12,32340,5804,32528,3122,-5039,1182,
1768735150.6785812,11.127383333333333,77.18367966666666,134.70522,12,32516,11376,-25104,-1529,-470,-429,
1768735151.6905127,11.127038166666667,77.18368416666667,138.699984,12,-32728,-1024,32736,-7416,-5101,-3630,
1768735152.636038,11.126687833333333,77.18368766666667,142.71512,12,-2392,32552,-32656,4922,-2846,-1913,
1768735153.6479619,11.12633,77.1836905,130.57526,12,-2392,32552,-32656,4922,-2846,-1913,
1768735154.5436802,11.125993,77.18369116666666,130.57526,12,-2392,32552,-32656,4922,-2846,-1913,
1768735155.5727422,11.125701333333334,77.183684,90.462792,12,-10416,10868,-4,-7762,-6205,-1275,
1768735156.534577,11.125461,77.18366,90.462792,12,-10416,10868,-4,-7762,-6205,-1275,
1768735157.5797312,11.125268666666667,77.18360733333333,74.883768,12,-28764,14336,-32540,-3180,-3139,-1507,
1768735158.6575842,11.125128666666667,77.18351966666667,62.642048,12,13312,25980,-513,9119,1359,1848,
1768735159.6367662,11.125049166666667,77.1833995,60.712264,12,-14484,25492,-31488,-5396,757,1098,
1768735160.5987844,11.125037333333333,77.18325266666666,71.646472,12,-14484,25492,-31488,-5396,757,1098,
1768735161.8764393,11.125091333333334,77.18309,71.646472,12,-14484,25492,-31488,-5396,757,1098,
1768735162.7718966,11.125204666666667,77.18292533333333,82.81403200000001,12,-8928,10596,-18260,-5741,1341,2034,
1768735163.8003907,11.125356,77.18275466666667,98.293048,12,9448,32648,-32600,-1513,-5599,1842,
1768735164.7623718,11.125510333333333,77.18256466666666,98.293048,12,9448,32648,-32600,-1513,-5599,1842,
1768735165.8073802,11.125632,77.18235583333333,88.783028,12,-13984,-13024,-6820,-11898,-5094,1072,
1768735166.7362437,11.125691666666667,77.1821355,77.748812,12,-13984,-13024,-6820,-11898,-5094,1072,
1768735167.7156632,11.1256855,77.18193183333334,76.056084,12,-13984,-13024,-6820,-11898,-5094,1072,
1768735168.677709,11.1256085,77.18175766666667,76.056084,12,-13984,-13024,-6820,-11898,-5094,1072,
1768735169.7725883,11.125467333333333,77.18162116666667,83.734476,12,9264,-5620,32516,-3786,8556,-428,
1768735170.7014742,11.1252775,77.18154366666667,91.89624,12,9264,-5620,32516,-3786,8556,-428,
1768735171.746167,11.125055166666666,77.18152383333333,91.89624,12,9264,-5620,32516,-3786,8556,-428,
1768735172.6923063,11.1248165,77.18156,105.586224,12,-11808,12432,-32768,-10248,9768,-314,
1768735173.6545742,11.124576833333334,77.18165883333333,105.586224,12,-11808,12432,-32768,-10248,9768,-314,
1768735174.6498415,11.124357333333334,77.18182216666666,114.205432,12,3192,-17068,32564,2563,-6448,-1402,
1768735175.727548,11.1241785,77.1820435,117.487176,12,3192,-17068,32564,2563,-6448,-1402,
1768735176.6564322,11.124049,77.18230783333334,117.487176,12,3192,-17068,32564,2563,-6448,-1402,
1768735177.6852148,11.1239825,77.18260283333333,120.554088,12,15752,-6360,30207,5236,-5111,-187,
1768735178.7470307,11.1239825,77.1829135,126.799032,12,-11024,-8193,-30208,-9471,-593,-2082,
1768735179.642896,11.124033,77.183229,128.05468800000003,12,-11024,-8193,-30208,-9471,-593,-2082,
1768735180.6717107,11.124136,77.1835355,129.858536,12,-11024,-8193,-30208,-9471,-593,-2082,
1768735181.6336985,11.124294166666667,77.18382133333333,129.858536,12,-11024,-8193,-30208,-9471,-593,-2082,
1768735182.728137,11.124500833333334,77.18408,133.790332,12,-28416,-10512,32624,-7288,1109,1972,
1768735183.7073736,11.124748166666667,77.1843065,135.699744,12,-28416,-10512,32624,-7288,1109,1972,
1768735184.636267,11.1250195,77.18451216666666,136.820204,12,-28416,-10512,32624,-7288,1109,1972,
1768735185.6810393,11.1252945,77.18471916666667,137.82213600000003,12,-32768,7900,13336,-5802,-5603,4282,
1768735186.610072,11.125559,77.18494383333334,134.023684,12,-32768,7900,13336,-5802,-5603,4282,
1768735187.638874,11.125785166666667,77.18519866666666,125.76932,12,-32768,7900,13336,-5802,-5603,4282,
1768735188.6837125,11.125945333333334,77.18547933333333,124.308092,12,-30356,16680,10396,-169,-6237,4495,
1768735189.6458707,11.126034666666667,77.18578083333334,123.62285200000001,12,-328,11904,-32768,195,-4797,1725,
1768735190.7079182,11.1260425,77.18609333333333,126.193428,12,-328,11904,-32768,195,-4797,1725,
1768735191.719229,11.125975,77.18640333333333,115.13884,12,-328,11904,-32768,195,-4797,1725,
1768735192.714712,11.125872833333334,77.18668616666666,94.927964,12,7316,-23352,32540,736,7701,-619,
1768735193.676803,11.125794,77.18693033333334,94.927964,12,7316,-23352,32540,736,7701,-619,
1768735194.7386992,11.125774,77.1871485,75.113416,12,-8692,-32732,32600,-2388,960,-1996,
1768735195.7674503,11.125820166666667,77.18733716666667,75.113416,12,-14337,-25600,32696,-5375,1494,754,
1768735196.663104,11.125924666666666,77.18748583333333,73.457728,12,-3672,244,20840,-637,2567,1626,
1768735197.6919532,11.126076666666666,77.18758483333333,76.933932,12,-3672,244,20840,-637,2567,1626,
1768735198.7695494,11.126261,77.18761966666666,76.933932,12,-3672,244,20840,-637,2567,1626,
1768735199.748957,11.1264575,77.18759683333333,80.974996,12,-1304,20732,20476,4137,-5593,1778,
1768735200.744389,11.126660666666666,77.1875325,88.140384,12,-12800,-13976,-7204,3090,6338,825,
1768735201.639454,11.126867,77.18745466666667,88.325584,12,-12800,-13976,-7204,3090,6338,825,
1768735202.7677765,11.1270745,77.187379,86.27542000000001,12,-12800,-13976,-7204,3090,6338,825,
1768735203.6637316,11.127281166666666,77.18731066666666,86.27542000000001,12,-128,-104,-32768,77,4693,-3595,
1768735204.6256044,11.1274785,77.18724233333333,77.69140000000002,12,-32768,-14332,2192,2146,9926,-53,
1768735205.7206945,11.127665,77.18717233333334,73.133628,12,-32768,-14332,2192,2146,9926,-53,
1768735206.715981,11.1278345,77.18709183333333,73.133628,12,-32768,-14332,2192,2146,9926,-53,
1768735207.7112324,11.127979833333333,77.18699233333334,67.492436,12,-3808,-3704,16980,1058,-6861,7118,
1768735208.7066672,11.128096833333334,77.18686766666667,67.492436,12,-3808,-3704,16980,1058,-6861,7118,
1768735209.6688404,11.128186833333332,77.18672233333334,68.842544,12,-8472,-10440,-8908,-2371,-3576,5832,
1768735210.73079,11.128256833333333,77.18656283333334,66.312712,12,-8472,-10440,-8908,-2371,-3576,5832,
1768735211.6929538,11.128311,77.186401,66.312712,12,-8472,-10440,-8908,-2371,-3576,5832,
1768735212.737615,11.128358333333333,77.1862545,45.498084000000006,12,26868,14092,22783,1216,-1099,1483,
1768735213.7665124,11.128395166666667,77.18613416666666,34.23236800000001,12,26868,14092,22783,1216,-1099,1483,
1768735214.6954494,11.128420666666667,77.18604133333334,24.88162,12,26868,14092,22783,1216,-1099,1483,
1768735215.6907396,11.128429833333334,77.1859715,24.88162,12,26868,14092,22783,1216,-1099,1483,
1768735216.6859586,11.128408833333333,77.1859235,20.049752,12,5520,-8300,14335,1275,-3148,-2473,
1768735217.6480973,11.128363,77.18589733333333,14.784516,12,24260,3100,18548,88,-3168,-2805,
1768735218.710158,11.128321166666666,77.18588716666666,14.784516,12,24260,3100,18548,88,-3168,-2805,
1768735219.6722724,11.128291666666666,77.18589283333333,14.993792000000001,12,7128,5372,32767,2764,-3756,-4850,
1768735220.634328,11.128268,77.18591783333333,14.993792000000001,12,4108,10176,32616,507,-4148,-2991,
1768735221.679016,11.128248666666666,77.1859715,32.30814,12,-7304,12,16004,277,3844,-2091,
1768735222.7410054,11.128234,77.1860475,32.30814,12,-7304,12,16004,277,3844,-2091,
1768735223.736229,11.128216666666667,77.186117,20.025676,12,-8804,7280,31204,736,0,100,
1768735224.6652007,11.128191333333334,77.18616683333333,18.466292000000003,12,-8804,7280,31204,736,0,100,
1768735225.6939056,11.1281565,77.18619866666667,15.432716000000001,12,-8804,7280,31204,736,0,100,
1768735226.7560077,11.128119,77.1862155,15.432716000000001,12,-8804,7280,31204,736,0,100,
1768735227.6514912,11.128081833333333,77.18621916666666,14.817852,12,-404,-40,4844,-419,-163,55,
1768735228.696111,11.128043833333333,77.18620616666666,20.970196,12,588,908,14560,-562,-816,-60,
1768735229.7585022,11.128012,77.186169,24.922364,12,588,908,14560,-562,-816,-60,
1768735230.8034444,11.127996666666666,77.1861115,22.709224000000003,12,588,908,14560,-562,-816,-60,
1768735231.8485296,11.127992333333333,77.1860525,22.709224000000003,12,-880,576,15980,-1107,-491,8,
1768735232.8936071,11.127987333333333,77.18600266666667,18.477404,12,-2460,276,16108,659,-452,107,
1768735233.9054725,11.127985,77.1859705,2.778,12,-2100,4028,15616,759,-310,61,
1768735234.8340874,11.127985666666667,77.18595766666667,0.29632000000000003,12,-2100,4028,15616,759,-310,61,
1768735235.8462722,11.127985833333334,77.185956,0.29632000000000003,12,-2100,4028,15616,759,-310,61,
1768735236.875056,11.127985833333334,77.18595633333334,0.051856000000000006,12,-2392,2124,16316,416,-270,7,
1768735237.8040397,11.127985833333334,77.18595633333334,0.079636,12,-2100,1388,16244,755,-304,162,
1768735238.7496526,11.127985666666667,77.18595633333334,0.42040400000000006,12,-2752,-3532,15928,232,-210,81,
1768735239.678509,11.127985,77.18595666666667,0.127788,12,-2752,-3532,15928,232,-210,81,
1768735240.590904,11.127984333333334,77.18595666666667,0.07408000000000001,12,-2752,-3532,15928,232,-210,81,
1768735241.5699642,11.127984333333334,77.18595666666667,0.07408000000000001,12,-2752,-3532,15928,232,-210,81,
1768735242.597763,11.1279845,77.18595683333334,0.238908,12,-2704,-3084,15768,297,-294,80,
1768735243.576473,11.127985,77.185957,0.538932,12,-2704,-3084,15768,297,-294,80,
1768735244.5225666,11.127984333333334,77.18595666666667,0.538932,12,-2704,-3084,15768,297,-294,80,
1768735245.550803,11.127983833333333,77.18595633333334,0.21668400000000002,12,-2664,-3252,15936,381,-56,-254,
1768735246.579115,11.127983333333333,77.18595633333334,0.21668400000000002,12,-2664,-3252,15936,381,-56,-254,
1768735247.7075794,11.127982333333334,77.18595583333334,0.051856000000000006,12,-2628,-3168,15968,315,-255,77,
1768735248.6359956,11.127981833333333,77.18595566666667,0.068524,12,-2628,-3168,15968,315,-255,77,
1768735249.6812859,11.127981666666667,77.1859555,0.068524,12,-2628,-3168,15968,315,-255,77,
