tick_ms,row_type,acc_x,acc_y,acc_z,gyro_x,gyro_y,gyro_z,lat,lon,alt,speed,sats,vbat,gps_epoch,imu_sensor_us
0,M,,,,,,,MARKER,LOG_OPEN,1,figure8_60pts.csv,,4.10,,
0,M,,,,,,,MARKER,IMU_PROFILE,2,"{""id"":""synthetic_figure8"",""calibration_version"":1,""name"":""Synthetic Figure 8"",""label"":""synthetic"",""quality_score"":1,""rotation_matrix"":[[1,0,0],[0,1,0],[0,0,1]],""gravity_vector"":[0,0,1],""accel_bias"":[0,0,0],""gyro_bias"":[0,0,0],""vibration"":{""delta_acc_rms"":[0,0,0],""static_acc_rms"":[0,0,1],""engine_acc_rms"":[0,0,1]},""mount_tilt"":{""pitch_deg"":0,""roll_deg"":0},""created_at"":0,""captures"":{}}",,4.10,,
0,G,,,,,,,12.9716000,77.5946000,,46.0,9,,1710000000000,
0,I,0.0300,0.0500,1.0200,0.00,8.00,-0.02,,,,,,,,1000000
10,I,0.0314,0.0519,1.0200,0.05,8.00,-0.04,,,,,,,,1010000
20,I,0.0327,0.0538,1.0200,0.09,8.00,-0.08,,,,,,,,1020000
30,I,0.0340,0.0557,1.0199,0.14,8.00,-0.12,,,,,,,,1030000
40,I,0.0352,0.0575,1.0199,0.18,8.00,-0.16,,,,,,,,1040000
50,I,0.0364,0.0593,1.0198,0.23,8.00,-0.20,,,,,,,,1050000
60,I,0.0374,0.0611,1.0198,0.28,7.99,-0.24,,,,,,,,1060000
70,I,0.0385,0.0628,1.0197,0.32,7.99,-0.29,,,,,,,,1070000
80,I,0.0395,0.0645,1.0196,0.37,7.99,-0.33,,,,,,,,1080000
90,I,0.0404,0.0661,1.0195,0.41,7.99,-0.37,,,,,,,,1090000
100,I,0.0412,0.0677,1.0194,0.46,7.98,-0.41,,,,,,,,1100000
110,I,0.0420,0.0693,1.0192,0.51,7.98,-0.45,,,,,,,,1110000
120,G,,,,,,,12.9716338,77.5946617,,46.2,9,,1710000000120,
120,I,0.0428,0.0709,1.0191,0.55,7.98,-0.50,,,,,,,,1120000
130,I,0.0434,0.0724,1.0189,0.60,7.97,-0.54,,,,,,,,1130000
140,I,0.0441,0.0738,1.0188,0.64,7.97,-0.58,,,,,,,,1140000
150,I,0.0446,0.0753,1.0186,0.69,7.97,-0.63,,,,,,,,1150000
160,I,0.0452,0.0767,1.0184,0.73,7.96,-0.67,,,,,,,,1160000
170,I,0.0456,0.0780,1.0182,0.78,7.96,-0.72,,,,,,,,1170000
180,I,0.0461,0.0794,1.0180,0.82,7.95,-0.76,,,,,,,,1180000
190,I,0.0464,0.0807,1.0177,0.87,7.94,-0.81,,,,,,,,1190000
200,I,0.0467,0.0819,1.0175,0.91,7.94,-0.86,,,,,,,,1200000
210,I,0.0470,0.0832,1.0173,0.96,7.93,-0.90,,,,,,,,1210000
220,I,0.0473,0.0843,1.0170,1.00,7.93,-0.95,,,,,,,,1220000
230,I,0.0474,0.0855,1.0167,1.05,7.92,-1.00,,,,,,,,1230000
240,G,,,,,,,12.9716661,77.5947226,,46.1,9,,1710000000240,
240,I,0.0476,0.0866,1.0164,1.09,7.91,-1.05,,,,,,,,1240000
250,I,0.0477,0.0877,1.0161,1.14,7.90,-1.10,,,,,,,,1250000
260,I,0.0478,0.0888,1.0158,1.18,7.90,-1.15,,,,,,,,1260000
270,I,0.0478,0.0898,1.0155,1.23,7.89,-1.21,,,,,,,,1270000
280,I,0.0478,0.0908,1.0152,1.27,7.88,-1.26,,,,,,,,1280000
290,I,0.0478,0.0918,1.0148,1.31,7.87,-1.32,,,,,,,,1290000
300,I,0.0477,0.0928,1.0145,1.36,7.86,-1.37,,,,,,,,1300000
310,I,0.0477,0.0937,1.0141,1.40,7.85,-1.43,,,,,,,,1310000
320,I,0.0475,0.0946,1.0137,1.44,7.84,-1.49,,,,,,,,1320000
330,I,0.0474,0.0954,1.0133,1.49,7.83,-1.55,,,,,,,,1330000
340,I,0.0473,0.0963,1.0129,1.53,7.82,-1.61,,,,,,,,1340000
350,I,0.0471,0.0971,1.0125,1.57,7.81,-1.67,,,,,,,,1350000
360,G,,,,,,,12.9716954,77.5947822,,45.7,9,,1710000000360,
360,I,0.0469,0.0978,1.0121,1.61,7.80,-1.74,,,,,,,,1360000
370,I,0.0467,0.0986,1.0117,1.66,7.79,-1.80,,,,,,,,1370000
380,I,0.0465,0.0993,1.0112,1.70,7.78,-1.87,,,,,,,,1380000
390,I,0.0463,0.1000,1.0108,1.74,7.77,-1.94,,,,,,,,1390000
400,I,0.0461,0.1007,1.0103,1.78,7.75,-2.01,,,,,,,,1400000
410,I,0.0458,0.1013,1.0099,1.82,7.74,-2.08,,,,,,,,1410000
420,I,0.0456,0.1020,1.0094,1.86,7.73,-2.16,,,,,,,,1420000
430,I,0.0454,0.1026,1.0089,1.90,7.72,-2.24,,,,,,,,1430000
440,I,0.0451,0.1032,1.0084,1.94,7.70,-2.32,,,,,,,,1440000
450,I,0.0449,0.1037,1.0079,1.98,7.69,-2.40,,,,,,,,1450000
460,I,0.0447,0.1043,1.0074,2.02,7.68,-2.48,,,,,,,,1460000
470,I,0.0445,0.1048,1.0069,2.06,7.66,-2.57,,,,,,,,1470000
480,G,,,,,,,12.9717204,77.5948397,,44.9,9,,1710000000480,
480,I,0.0443,0.1053,1.0063,2.10,7.65,-2.65,,,,,,,,1480000
490,I,0.0441,0.1058,1.0058,2.14,7.63,-2.75,,,,,,,,1490000
500,I,0.0439,0.1063,1.0053,2.18,7.62,-2.84,,,,,,,,1500000
510,I,0.0438,0.1068,1.0047,2.22,7.60,-2.93,,,,,,,,1510000
520,I,0.0436,0.1072,1.0041,2.26,7.59,-3.03,,,,,,,,1520000
530,I,0.0435,0.1077,1.0036,2.30,7.57,-3.14,,,,,,,,1530000
540,I,0.0434,0.1081,1.0030,2.33,7.55,-3.24,,,,,,,,1540000
550,I,0.0433,0.1085,1.0024,2.37,7.54,-3.35,,,,,,,,1550000
560,I,0.0433,0.1089,1.0018,2.41,7.52,-3.46,,,,,,,,1560000
570,I,0.0433,0.1093,1.0012,2.44,7.50,-3.57,,,,,,,,1570000
580,I,0.0433,0.1096,1.0006,2.48,7.49,-3.69,,,,,,,,1580000
590,I,0.0433,0.1100,1.0000,2.52,7.47,-3.81,,,,,,,,1590000
600,G,,,,,,,12.9717400,77.5948944,,43.9,9,,1710000000600,
600,I,0.0434,0.1104,0.9994,2.55,7.45,-3.94,,,,,,,,1600000
610,I,0.0435,0.1107,0.9988,2.59,7.43,-4.07,,,,,,,,1610000
620,I,0.0436,0.1110,0.9981,2.62,7.41,-4.20,,,,,,,,1620000
630,I,0.0437,0.1114,0.9975,2.66,7.40,-4.34,,,,,,,,1630000
640,I,0.0439,0.1117,0.9969,2.69,7.38,-4.47,,,,,,,,1640000
650,I,0.0441,0.1120,0.9962,2.73,7.36,-4.62,,,,,,,,1650000
660,I,0.0444,0.1124,0.9956,2.76,7.34,-4.77,,,,,,,,1660000
670,I,0.0447,0.1127,0.9949,2.79,7.32,-4.92,,,,,,,,1670000
680,I,0.0450,0.1130,0.9942,2.83,7.30,-5.07,,,,,,,,1680000
690,I,0.0454,0.1133,0.9936,2.86,7.28,-5.23,,,,,,,,1690000
700,I,0.0457,0.1136,0.9929,2.89,7.26,-5.39,,,,,,,,1700000
710,I,0.0462,0.1139,0.9922,2.92,7.23,-5.55,,,,,,,,1710000
720,G,,,,,,,12.9717532,77.5949459,,42.7,9,,1710000000720,
720,I,0.0466,0.1142,0.9915,2.95,7.21,-5.72,,,,,,,,1720000
730,I,0.0471,0.1146,0.9909,2.98,7.19,-5.89,,,,,,,,1730000
740,I,0.0477,0.1149,0.9902,3.01,7.17,-6.07,,,,,,,,1740000
750,I,0.0482,0.1152,0.9895,3.05,7.15,-6.25,,,,,,,,1750000
760,I,0.0488,0.1155,0.9888,3.07,7.12,-6.42,,,,,,,,1760000
770,I,0.0495,0.1159,0.9881,3.10,7.10,-6.60,,,,,,,,1770000
780,I,0.0501,0.1162,0.9874,3.13,7.08,-6.79,,,,,,,,1780000
790,I,0.0508,0.1165,0.9867,3.16,7.06,-6.97,,,,,,,,1790000
800,I,0.0516,0.1169,0.9860,3.19,7.03,-7.15,,,,,,,,1800000
810,I,0.0523,0.1172,0.9853,3.22,7.01,-7.34,,,,,,,,1810000
820,I,0.0531,0.1176,0.9846,3.24,6.98,-7.52,,,,,,,,1820000
830,I,0.0539,0.1180,0.9839,3.27,6.96,-7.70,,,,,,,,1830000
840,G,,,,,,,12.9717595,77.5949934,,41.4,9,,1710000000840,
840,I,0.0547,0.1184,0.9832,3.30,6.94,-7.88,,,,,,,,1840000
850,I,0.0556,0.1187,0.9825,3.32,6.91,-8.05,,,,,,,,1850000
860,I,0.0565,0.1191,0.9818,3.35,6.89,-8.22,,,,,,,,1860000
870,I,0.0574,0.1196,0.9811,3.37,6.86,-8.39,,,,,,,,1870000
880,I,0.0583,0.1200,0.9804,3.40,6.83,-8.55,,,,,,,,1880000
890,I,0.0593,0.1204,0.9796,3.42,6.81,-8.70,,,,,,,,1890000
900,I,0.0602,0.1209,0.9789,3.45,6.78,-8.85,,,,,,,,1900000
910,I,0.0612,0.1213,0.9782,3.47,6.76,-8.98,,,,,,,,1910000
920,I,0.0622,0.1218,0.9775,3.49,6.73,-9.11,,,,,,,,1920000
930,I,0.0632,0.1223,0.9768,3.51,6.70,-9.23,,,,,,,,1930000
940,I,0.0642,0.1228,0.9761,3.54,6.67,-9.33,,,,,,,,1940000
950,I,0.0652,0.1234,0.9754,3.56,6.65,-9.42,,,,,,,,1950000
960,G,,,,,,,12.9717586,77.5950365,,39.9,9,,1710000000960,
960,I,0.0662,0.1239,0.9747,3.58,6.62,-9.50,,,,,,,,1960000
970,I,0.0672,0.1245,0.9740,3.60,6.59,-9.56,,,,,,,,1970000
980,I,0.0682,0.1250,0.9733,3.62,6.56,-9.61,,,,,,,,1980000
990,I,0.0692,0.1256,0.9726,3.64,6.53,-9.65,,,,,,,,1990000
1000,I,0.0702,0.1262,0.9719,3.66,6.51,-9.67,,,,,,,,2000000
1010,I,0.0712,0.1269,0.9712,3.68,6.48,-9.67,,,,,,,,2010000
1020,I,0.0722,0.1275,0.9705,3.69,6.45,-9.66,,,,,,,,2020000
1030,I,0.0731,0.1282,0.9698,3.71,6.42,-9.64,,,,,,,,2030000
1040,I,0.0741,0.1289,0.9691,3.73,6.39,-9.60,,,,,,,,2040000
1050,I,0.0750,0.1296,0.9685,3.74,6.36,-9.54,,,,,,,,2050000
1060,I,0.0759,0.1303,0.9678,3.76,6.33,-9.48,,,,,,,,2060000
1070,I,0.0768,0.1310,0.9671,3.78,6.30,-9.40,,,,,,,,2070000
1080,G,,,,,,,12.9717505,77.5950746,,38.6,9,,1710000001080,
1080,I,0.0776,0.1318,0.9664,3.79,6.27,-9.31,,,,,,,,2080000
1090,I,0.0785,0.1326,0.9658,3.81,6.24,-9.20,,,,,,,,2090000
1100,I,0.0793,0.1334,0.9651,3.82,6.20,-9.09,,,,,,,,2100000
1110,I,0.0800,0.1342,0.9644,3.83,6.17,-8.97,,,,,,,,2110000
1120,I,0.0808,0.1350,0.9638,3.85,6.14,-8.83,,,,,,,,2120000
1130,I,0.0815,0.1359,0.9631,3.86,6.11,-8.70,,,,,,,,2130000
1140,I,0.0821,0.1368,0.9625,3.87,6.08,-8.55,,,,,,,,2140000
1150,I,0.0827,0.1377,0.9619,3.88,6.04,-8.40,,,,,,,,2150000
1160,I,0.0833,0.1386,0.9612,3.89,6.01,-8.25,,,,,,,,2160000
1170,I,0.0838,0.1396,0.9606,3.90,5.98,-8.09,,,,,,,,2170000
1180,I,0.0843,0.1405,0.9600,3.91,5.95,-7.93,,,,,,,,2180000
1190,I,0.0847,0.1415,0.9594,3.92,5.91,-7.76,,,,,,,,2190000
1200,G,,,,,,,12.9717356,77.5951074,,37.3,9,,1710000001200,
1200,I,0.0851,0.1425,0.9588,3.93,5.88,-7.60,,,,,,,,2200000
1210,I,0.0854,0.1435,0.9582,3.94,5.84,-7.43,,,,,,,,2210000
1220,I,0.0856,0.1446,0.9576,3.95,5.81,-7.27,,,,,,,,2220000
1230,I,0.0858,0.1457,0.9570,3.95,5.78,-7.11,,,,,,,,2230000
1240,I,0.0859,0.1467,0.9564,3.96,5.74,-6.94,,,,,,,,2240000
1250,I,0.0860,0.1479,0.9559,3.97,5.71,-6.78,,,,,,,,2250000
1260,I,0.0860,0.1490,0.9553,3.97,5.67,-6.62,,,,,,,,2260000
1270,I,0.0860,0.1501,0.9547,3.98,5.64,-6.47,,,,,,,,2270000
1280,I,0.0858,0.1513,0.9542,3.98,5.60,-6.32,,,,,,,,2280000
1290,I,0.0856,0.1525,0.9537,3.99,5.57,-6.17,,,,,,,,2290000
1300,I,0.0854,0.1537,0.9531,3.99,5.53,-6.02,,,,,,,,2300000
1310,I,0.0850,0.1549,0.9526,3.99,5.49,-5.88,,,,,,,,2310000
1320,G,,,,,,,12.9717146,77.5951344,,36.1,9,,1710000001320,
1320,I,0.0846,0.1561,0.9521,4.00,5.46,-5.74,,,,,,,,2320000
1330,I,0.0842,0.1574,0.9516,4.00,5.42,-5.60,,,,,,,,2330000
1340,I,0.0836,0.1586,0.9511,4.00,5.38,-5.47,,,,,,,,2340000
1350,I,0.0830,0.1599,0.9506,4.00,5.35,-5.35,,,,,,,,2350000
1360,I,0.0823,0.1612,0.9501,4.00,5.31,-5.22,,,,,,,,2360000
1370,I,0.0815,0.1625,0.9497,4.00,5.27,-5.10,,,,,,,,2370000
1380,I,0.0807,0.1639,0.9492,4.00,5.24,-4.99,,,,,,,,2380000
1390,I,0.0798,0.1652,0.9488,4.00,5.20,-4.88,,,,,,,,2390000
1400,I,0.0788,0.1666,0.9483,4.00,5.16,-4.77,,,,,,,,2400000
1410,I,0.0777,0.1680,0.9479,3.99,5.12,-4.67,,,,,,,,2410000
1420,I,0.0766,0.1693,0.9475,3.99,5.08,-4.57,,,,,,,,2420000
1430,I,0.0753,0.1707,0.9471,3.99,5.05,-4.47,,,,,,,,2430000
1440,G,,,,,,,12.9716884,77.5951553,,35.2,9,,1710000001440,
1440,I,0.0741,0.1721,0.9467,3.98,5.01,-4.38,,,,,,,,2440000
1450,I,0.0727,0.1736,0.9463,3.98,4.97,-4.29,,,,,,,,2450000
1460,I,0.0713,0.1750,0.9459,3.97,4.93,-4.21,,,,,,,,2460000
1470,I,0.0698,0.1764,0.9455,3.97,4.89,-4.13,,,,,,,,2470000
1480,I,0.0682,0.1779,0.9452,3.96,4.85,-4.05,,,,,,,,2480000
1490,I,0.0665,0.1793,0.9448,3.96,4.81,-3.98,,,,,,,,2490000
1500,I,0.0648,0.1808,0.9445,3.95,4.77,-3.91,,,,,,,,2500000
1510,I,0.0630,0.1823,0.9442,3.94,4.73,-3.84,,,,,,,,2510000
1520,I,0.0612,0.1837,0.9439,3.93,4.69,-3.78,,,,,,,,2520000
1530,I,0.0593,0.1852,0.9436,3.92,4.65,-3.72,,,,,,,,2530000
1540,I,0.0573,0.1867,0.9433,3.92,4.61,-3.66,,,,,,,,2540000
1550,I,0.0553,0.1882,0.9430,3.91,4.57,-3.61,,,,,,,,2550000
1560,G,,,,,,,12.9716583,77.5951700,,34.5,9,,1710000001560,
1560,I,0.0532,0.1897,0.9427,3.90,4.53,-3.55,,,,,,,,2560000
1570,I,0.0511,0.1912,0.9425,3.88,4.49,-3.50,,,,,,,,2570000
1580,I,0.0489,0.1927,0.9423,3.87,4.45,-3.46,,,,,,,,2580000
1590,I,0.0466,0.1941,0.9420,3.86,4.40,-3.42,,,,,,,,2590000
1600,I,0.0443,0.1956,0.9418,3.85,4.36,-3.37,,,,,,,,2600000
1610,I,0.0420,0.1971,0.9416,3.84,4.32,-3.34,,,,,,,,2610000
1620,I,0.0396,0.1986,0.9414,3.82,4.28,-3.30,,,,,,,,2620000
1630,I,0.0371,0.2001,0.9412,3.81,4.24,-3.27,,,,,,,,2630000
1640,I,0.0347,0.2016,0.9411,3.80,4.20,-3.24,,,,,,,,2640000
1650,I,0.0321,0.2030,0.9409,3.78,4.15,-3.21,,,,,,,,2650000
1660,I,0.0296,0.2045,0.9408,3.77,4.11,-3.18,,,,,,,,2660000
1670,I,0.0270,0.2060,0.9406,3.75,4.07,-3.16,,,,,,,,2670000
1680,G,,,,,,,12.9716255,77.5951782,,34.1,9,,1710000001680,
1680,I,0.0244,0.2074,0.9405,3.73,4.02,-3.14,,,,,,,,2680000
1690,I,0.0217,0.2089,0.9404,3.72,3.98,-3.12,,,,,,,,2690000
1700,I,0.0191,0.2103,0.9403,3.70,3.94,-3.10,,,,,,,,2700000
1710,I,0.0164,0.2117,0.9402,3.68,3.90,-3.09,,,,,,,,2710000
1720,I,0.0137,0.2131,0.9402,3.66,3.85,-3.08,,,,,,,,2720000
1730,I,0.0110,0.2145,0.9401,3.64,3.81,-3.07,,,,,,,,2730000
1740,I,0.0082,0.2159,0.9401,3.62,3.76,-3.06,,,,,,,,2740000
1750,I,0.0055,0.2173,0.9400,3.60,3.72,-3.06,,,,,,,,2750000
1760,I,0.0028,0.2187,0.9400,3.58,3.68,-3.05,,,,,,,,2760000
1770,I,0.0000,0.2200,0.9400,3.56,3.63,-3.05,,,,,,,,2770000
1780,I,-0.0028,0.2213,0.9400,3.54,3.59,-3.05,,,,,,,,2780000
1790,I,-0.0055,0.2226,0.9400,3.52,3.54,-3.06,,,,,,,,2790000
1800,G,,,,,,,12.9715915,77.5951798,,34.0,9,,1710000001800,
1800,I,-0.0082,0.2239,0.9401,3.50,3.50,-3.06,,,,,,,,2800000
1810,I,-0.0110,0.2252,0.9401,3.48,3.45,-3.07,,,,,,,,2810000
1820,I,-0.0137,0.2264,0.9402,3.45,3.41,-3.08,,,,,,,,2820000
1830,I,-0.0164,0.2276,0.9402,3.43,3.36,-3.09,,,,,,,,2830000
1840,I,-0.0191,0.2288,0.9403,3.41,3.32,-3.10,,,,,,,,2840000
1850,I,-0.0217,0.2300,0.9404,3.38,3.27,-3.12,,,,,,,,2850000
1860,I,-0.0244,0.2312,0.9405,3.36,3.23,-3.14,,,,,,,,2860000
1870,I,-0.0270,0.2323,0.9406,3.33,3.18,-3.16,,,,,,,,2870000
1880,I,-0.0296,0.2334,0.9408,3.31,3.14,-3.18,,,,,,,,2880000
1890,I,-0.0321,0.2345,0.9409,3.28,3.09,-3.21,,,,,,,,2890000
1900,I,-0.0347,0.2355,0.9411,3.25,3.05,-3.24,,,,,,,,2900000
1910,I,-0.0371,0.2365,0.9412,3.23,3.00,-3.27,,,,,,,,2910000
1920,G,,,,,,,12.9715579,77.5951749,,34.2,9,,1710000001920,
1920,I,-0.0396,0.2375,0.9414,3.20,2.95,-3.30,,,,,,,,2920000
1930,I,-0.0420,0.2384,0.9416,3.17,2.91,-3.34,,,,,,,,2930000
1940,I,-0.0443,0.2394,0.9418,3.14,2.86,-3.37,,,,,,,,2940000
1950,I,-0.0466,0.2403,0.9420,3.11,2.81,-3.42,,,,,,,,2950000
1960,I,-0.0489,0.2411,0.9423,3.08,2.77,-3.46,,,,,,,,2960000
1970,I,-0.0511,0.2419,0.9425,3.05,2.72,-3.50,,,,,,,,2970000
1980,I,-0.0532,0.2427,0.9427,3.02,2.67,-3.55,,,,,,,,2980000
1990,I,-0.0553,0.2435,0.9430,2.99,2.63,-3.61,,,,,,,,2990000
2000,I,-0.0573,0.2442,0.9433,2.96,2.58,-3.66,,,,,,,,3000000
2010,I,-0.0593,0.2448,0.9436,2.93,2.53,-3.72,,,,,,,,3010000
2020,I,-0.0612,0.2455,0.9439,2.90,2.49,-3.78,,,,,,,,3020000
2030,I,-0.0630,0.2461,0.9442,2.87,2.44,-3.84,,,,,,,,3030000
2040,G,,,,,,,12.9715262,77.5951634,,34.8,9,,1710000002040,
2040,I,-0.0648,0.2466,0.9445,2.84,2.39,-3.91,,,,,,,,3040000
2050,I,-0.0665,0.2472,0.9448,2.80,2.34,-3.98,,,,,,,,3050000
2060,I,-0.0682,0.2476,0.9452,2.77,2.30,-4.05,,,,,,,,3060000
2070,I,-0.0698,0.2481,0.9455,2.74,2.25,-4.13,,,,,,,,3070000
2080,I,-0.0713,0.2485,0.9459,2.70,2.20,-4.21,,,,,,,,3080000
2090,I,-0.0727,0.2488,0.9463,2.67,2.15,-4.29,,,,,,,,3090000
2100,I,-0.0741,0.2491,0.9467,2.63,2.10,-4.38,,,,,,,,3100000
2110,I,-0.0753,0.2494,0.9471,2.60,2.06,-4.47,,,,,,,,3110000
2120,I,-0.0766,0.2496,0.9475,2.56,2.01,-4.57,,,,,,,,3120000
2130,I,-0.0777,0.2498,0.9479,2.53,1.96,-4.67,,,,,,,,3130000
2140,I,-0.0788,0.2499,0.9483,2.49,1.91,-4.77,,,,,,,,3140000
2150,I,-0.0798,0.2500,0.9488,2.46,1.86,-4.88,,,,,,,,3150000
2160,G,,,,,,,12.9714979,77.5951456,,35.6,9,,1710000002160,
2160,I,-0.0807,0.2500,0.9492,2.42,1.82,-4.99,,,,,,,,3160000
2170,I,-0.0815,0.2500,0.9497,2.38,1.77,-5.10,,,,,,,,3170000
2180,I,-0.0823,0.2500,0.9501,2.35,1.72,-5.22,,,,,,,,3180000
2190,I,-0.0830,0.2499,0.9506,2.31,1.67,-5.35,,,,,,,,3190000
2200,I,-0.0836,0.2497,0.9511,2.27,1.62,-5.47,,,,,,,,3200000
2210,I,-0.0842,0.2495,0.9516,2.23,1.57,-5.60,,,,,,,,3210000
2220,I,-0.0846,0.2493,0.9521,2.19,1.52,-5.74,,,,,,,,3220000
2230,I,-0.0850,0.2490,0.9526,2.15,1.48,-5.88,,,,,,,,3230000
2240,I,-0.0854,0.2486,0.9531,2.12,1.43,-6.02,,,,,,,,3240000
2250,I,-0.0856,0.2482,0.9537,2.08,1.38,-6.17,,,,,,,,3250000
2260,I,-0.0858,0.2478,0.9542,2.04,1.33,-6.32,,,,,,,,3260000
2270,I,-0.0860,0.2473,0.9547,2.00,1.28,-6.47,,,,,,,,3270000
2280,G,,,,,,,12.9714742,77.5951216,,36.7,9,,1710000002280,
2280,I,-0.0860,0.2467,0.9553,1.96,1.23,-6.62,,,,,,,,3280000
2290,I,-0.0860,0.2461,0.9559,1.92,1.18,-6.78,,,,,,,,3290000
2300,I,-0.0859,0.2455,0.9564,1.88,1.13,-6.94,,,,,,,,3300000
2310,I,-0.0858,0.2448,0.9570,1.83,1.08,-7.11,,,,,,,,3310000
2320,I,-0.0856,0.2440,0.9576,1.79,1.03,-7.27,,,,,,,,3320000
2330,I,-0.0854,0.2432,0.9582,1.75,0.98,-7.43,,,,,,,,3330000
2340,I,-0.0851,0.2424,0.9588,1.71,0.94,-7.60,,,,,,,,3340000
2350,I,-0.0847,0.2415,0.9594,1.67,0.89,-7.76,,,,,,,,3350000
2360,I,-0.0843,0.2405,0.9600,1.63,0.84,-7.93,,,,,,,,3360000
2370,I,-0.0838,0.2395,0.9606,1.58,0.79,-8.09,,,,,,,,3370000
2380,I,-0.0833,0.2385,0.9612,1.54,0.74,-8.25,,,,,,,,3380000
2390,I,-0.0827,0.2374,0.9619,1.50,0.69,-8.40,,,,,,,,3390000
2400,G,,,,,,,12.9714561,77.5950917,,37.9,9,,1710000002400,
2400,I,-0.0821,0.2362,0.9625,1.46,0.64,-8.55,,,,,,,,3400000
2410,I,-0.0815,0.2350,0.9631,1.41,0.59,-8.70,,,,,,,,3410000
2420,I,-0.0808,0.2338,0.9638,1.37,0.54,-8.83,,,,,,,,3420000
2430,I,-0.0800,0.2325,0.9644,1.33,0.49,-8.97,,,,,,,,3430000
2440,I,-0.0793,0.2311,0.9651,1.28,0.44,-9.09,,,,,,,,3440000
2450,I,-0.0785,0.2297,0.9658,1.24,0.39,-9.20,,,,,,,,3450000
2460,I,-0.0776,0.2283,0.9664,1.20,0.34,-9.31,,,,,,,,3460000
2470,I,-0.0768,0.2268,0.9671,1.15,0.29,-9.40,,,,,,,,3470000
2480,I,-0.0759,0.2252,0.9678,1.11,0.24,-9.48,,,,,,,,3480000
2490,I,-0.0750,0.2236,0.9685,1.06,0.19,-9.54,,,,,,,,3490000
2500,I,-0.0741,0.2220,0.9691,1.02,0.14,-9.60,,,,,,,,3500000
2510,I,-0.0731,0.2203,0.9698,0.97,0.09,-9.64,,,,,,,,3510000
2520,G,,,,,,,12.9714446,77.5950562,,39.2,9,,1710000002520,
2520,I,-0.0722,0.2186,0.9705,0.93,0.04,-9.66,,,,,,,,3520000
2530,I,-0.0712,0.2168,0.9712,0.88,-0.01,-9.67,,,,,,,,3530000
2540,I,-0.0702,0.2150,0.9719,0.84,-0.06,-9.67,,,,,,,,3540000
2550,I,-0.0692,0.2131,0.9726,0.79,-0.11,-9.65,,,,,,,,3550000
2560,I,-0.0682,0.2112,0.9733,0.75,-0.16,-9.61,,,,,,,,3560000
2570,I,-0.0672,0.2092,0.9740,0.70,-0.21,-9.56,,,,,,,,3570000
2580,I,-0.0662,0.2072,0.9747,0.66,-0.26,-9.50,,,,,,,,3580000
2590,I,-0.0652,0.2052,0.9754,0.61,-0.31,-9.42,,,,,,,,3590000
2600,I,-0.0642,0.2031,0.9761,0.57,-0.35,-9.33,,,,,,,,3600000
2610,I,-0.0632,0.2010,0.9768,0.52,-0.40,-9.23,,,,,,,,3610000
2620,I,-0.0622,0.1988,0.9775,0.47,-0.45,-9.11,,,,,,,,3620000
2630,I,-0.0612,0.1966,0.9782,0.43,-0.50,-8.98,,,,,,,,3630000
2640,G,,,,,,,12.9714401,77.5950155,,40.7,9,,1710000002640,
2640,I,-0.0602,0.1944,0.9789,0.38,-0.55,-8.85,,,,,,,,3640000
2650,I,-0.0593,0.1921,0.9796,0.34,-0.60,-8.70,,,,,,,,3650000
2660,I,-0.0583,0.1898,0.9804,0.29,-0.65,-8.55,,,,,,,,3660000
2670,I,-0.0574,0.1874,0.9811,0.24,-0.70,-8.39,,,,,,,,3670000
2680,I,-0.0565,0.1850,0.9818,0.20,-0.75,-8.22,,,,,,,,3680000
2690,I,-0.0556,0.1826,0.9825,0.15,-0.80,-8.05,,,,,,,,3690000
2700,I,-0.0547,0.1801,0.9832,0.11,-0.85,-7.88,,,,,,,,3700000
2710,I,-0.0539,0.1776,0.9839,0.06,-0.90,-7.70,,,,,,,,3710000
2720,I,-0.0531,0.1751,0.9846,0.01,-0.95,-7.52,,,,,,,,3720000
2730,I,-0.0523,0.1725,0.9853,-0.03,-1.00,-7.34,,,,,,,,3730000
2740,I,-0.0516,0.1699,0.9860,-0.08,-1.05,-7.15,,,,,,,,3740000
2750,I,-0.0508,0.1673,0.9867,-0.12,-1.10,-6.97,,,,,,,,3750000
2760,G,,,,,,,12.9714428,77.5949702,,42.0,9,,1710000002760,
2760,I,-0.0501,0.1646,0.9874,-0.17,-1.15,-6.79,,,,,,,,3760000
2770,I,-0.0495,0.1620,0.9881,-0.22,-1.20,-6.60,,,,,,,,3770000
2780,I,-0.0488,0.1593,0.9888,-0.26,-1.24,-6.42,,,,,,,,3780000
2790,I,-0.0482,0.1565,0.9895,-0.31,-1.29,-6.25,,,,,,,,3790000
2800,I,-0.0477,0.1538,0.9902,-0.35,-1.34,-6.07,,,,,,,,3800000
2810,I,-0.0471,0.1510,0.9909,-0.40,-1.39,-5.89,,,,,,,,3810000
2820,I,-0.0466,0.1482,0.9915,-0.45,-1.44,-5.72,,,,,,,,3820000
2830,I,-0.0462,0.1453,0.9922,-0.49,-1.49,-5.55,,,,,,,,3830000
2840,I,-0.0457,0.1425,0.9929,-0.54,-1.54,-5.39,,,,,,,,3840000
2850,I,-0.0454,0.1396,0.9936,-0.58,-1.59,-5.23,,,,,,,,3850000
2860,I,-0.0450,0.1367,0.9942,-0.63,-1.64,-5.07,,,,,,,,3860000
2870,I,-0.0447,0.1338,0.9949,-0.67,-1.68,-4.92,,,,,,,,3870000
2880,G,,,,,,,12.9714526,77.5949206,,43.3,9,,1710000002880,
2880,I,-0.0444,0.1309,0.9956,-0.72,-1.73,-4.77,,,,,,,,3880000
2890,I,-0.0441,0.1279,0.9962,-0.77,-1.78,-4.62,,,,,,,,3890000
2900,I,-0.0439,0.1250,0.9969,-0.81,-1.83,-4.47,,,,,,,,3900000
2910,I,-0.0437,0.1220,0.9975,-0.86,-1.88,-4.34,,,,,,,,3910000
2920,I,-0.0436,0.1190,0.9981,-0.90,-1.93,-4.20,,,,,,,,3920000
2930,I,-0.0435,0.1160,0.9988,-0.95,-1.97,-4.07,,,,,,,,3930000
2940,I,-0.0434,0.1130,0.9994,-0.99,-2.02,-3.94,,,,,,,,3940000
2950,I,-0.0433,0.1100,1.0000,-1.04,-2.07,-3.81,,,,,,,,3950000
2960,I,-0.0433,0.1070,1.0006,-1.08,-2.12,-3.69,,,,,,,,3960000
2970,I,-0.0433,0.1039,1.0012,-1.12,-2.17,-3.57,,,,,,,,3970000
2980,I,-0.0433,0.1009,1.0018,-1.17,-2.21,-3.46,,,,,,,,3980000
2990,I,-0.0433,0.0979,1.0024,-1.21,-2.26,-3.35,,,,,,,,3990000
3000,G,,,,,,,12.9714691,77.5948674,,44.4,9,,1710000003000,
3000,I,-0.0434,0.0948,1.0030,-1.26,-2.31,-3.24,,,,,,,,4000000
3010,I,-0.0435,0.0918,1.0036,-1.30,-2.36,-3.14,,,,,,,,4010000
3020,I,-0.0436,0.0887,1.0041,-1.34,-2.40,-3.03,,,,,,,,4020000
3030,I,-0.0438,0.0856,1.0047,-1.39,-2.45,-2.93,,,,,,,,4030000
3040,I,-0.0439,0.0826,1.0053,-1.43,-2.50,-2.84,,,,,,,,4040000
3050,I,-0.0441,0.0795,1.0058,-1.47,-2.55,-2.75,,,,,,,,4050000
3060,I,-0.0443,0.0765,1.0063,-1.52,-2.59,-2.65,,,,,,,,4060000
3070,I,-0.0445,0.0734,1.0069,-1.56,-2.64,-2.57,,,,,,,,4070000
3080,I,-0.0447,0.0704,1.0074,-1.60,-2.69,-2.48,,,,,,,,4080000
3090,I,-0.0449,0.0673,1.0079,-1.64,-2.73,-2.40,,,,,,,,4090000
3100,I,-0.0451,0.0643,1.0084,-1.69,-2.78,-2.32,,,,,,,,4100000
3110,I,-0.0454,0.0613,1.0089,-1.73,-2.83,-2.24,,,,,,,,4110000
3120,G,,,,,,,12.9714915,77.5948112,,45.3,9,,1710000003120,
3120,I,-0.0456,0.0582,1.0094,-1.77,-2.87,-2.16,,,,,,,,4120000
3130,I,-0.0458,0.0552,1.0099,-1.81,-2.92,-2.08,,,,,,,,4130000
3140,I,-0.0461,0.0522,1.0103,-1.85,-2.97,-2.01,,,,,,,,4140000
3150,I,-0.0463,0.0492,1.0108,-1.89,-3.01,-1.94,,,,,,,,4150000
3160,I,-0.0465,0.0463,1.0112,-1.93,-3.06,-1.87,,,,,,,,4160000
3170,I,-0.0467,0.0433,1.0117,-1.97,-3.10,-1.80,,,,,,,,4170000
3180,I,-0.0469,0.0404,1.0121,-2.01,-3.15,-1.74,,,,,,,,4180000
3190,I,-0.0471,0.0374,1.0125,-2.05,-3.20,-1.67,,,,,,,,4190000
3200,I,-0.0473,0.0345,1.0129,-2.09,-3.24,-1.61,,,,,,,,4200000
3210,I,-0.0474,0.0316,1.0133,-2.13,-3.29,-1.55,,,,,,,,4210000
3220,I,-0.0475,0.0287,1.0137,-2.17,-3.33,-1.49,,,,,,,,4220000
3230,I,-0.0477,0.0258,1.0141,-2.21,-3.38,-1.43,,,,,,,,4230000
3240,G,,,,,,,12.9715188,77.5947526,,45.9,9,,1710000003240,
3240,I,-0.0477,0.0230,1.0145,-2.25,-3.42,-1.37,,,,,,,,4240000
3250,I,-0.0478,0.0202,1.0148,-2.28,-3.47,-1.32,,,,,,,,4250000
3260,I,-0.0478,0.0174,1.0152,-2.32,-3.51,-1.26,,,,,,,,4260000
3270,I,-0.0478,0.0146,1.0155,-2.36,-3.56,-1.21,,,,,,,,4270000
3280,I,-0.0478,0.0118,1.0158,-2.40,-3.60,-1.15,,,,,,,,4280000
3290,I,-0.0477,0.0091,1.0161,-2.43,-3.64,-1.10,,,,,,,,4290000
3300,I,-0.0476,0.0064,1.0164,-2.47,-3.69,-1.05,,,,,,,,4300000
3310,I,-0.0474,0.0037,1.0167,-2.51,-3.73,-1.00,,,,,,,,4310000
3320,I,-0.0473,0.0010,1.0170,-2.54,-3.78,-0.95,,,,,,,,4320000
3330,I,-0.0470,-0.0016,1.0173,-2.58,-3.82,-0.90,,,,,,,,4330000
3340,I,-0.0467,-0.0042,1.0175,-2.61,-3.86,-0.86,,,,,,,,4340000
3350,I,-0.0464,-0.0068,1.0177,-2.65,-3.91,-0.81,,,,,,,,4350000
3360,G,,,,,,,12.9715497,77.5946923,,46.2,9,,1710000003360,
3360,I,-0.0461,-0.0094,1.0180,-2.68,-3.95,-0.76,,,,,,,,4360000
3370,I,-0.0456,-0.0119,1.0182,-2.72,-3.99,-0.72,,,,,,,,4370000
3380,I,-0.0452,-0.0144,1.0184,-2.75,-4.04,-0.67,,,,,,,,4380000
3390,I,-0.0446,-0.0169,1.0186,-2.78,-4.08,-0.63,,,,,,,,4390000
3400,I,-0.0441,-0.0193,1.0188,-2.82,-4.12,-0.58,,,,,,,,4400000
3410,I,-0.0434,-0.0217,1.0189,-2.85,-4.16,-0.54,,,,,,,,4410000
3420,I,-0.0428,-0.0241,1.0191,-2.88,-4.21,-0.50,,,,,,,,4420000
3430,I,-0.0420,-0.0264,1.0192,-2.91,-4.25,-0.45,,,,,,,,4430000
3440,I,-0.0412,-0.0287,1.0194,-2.94,-4.29,-0.41,,,,,,,,4440000
3450,I,-0.0404,-0.0310,1.0195,-2.97,-4.33,-0.37,,,,,,,,4450000
3460,I,-0.0395,-0.0333,1.0196,-3.01,-4.37,-0.33,,,,,,,,4460000
3470,I,-0.0385,-0.0355,1.0197,-3.04,-4.42,-0.29,,,,,,,,4470000
3480,G,,,,,,,12.9715830,77.5946309,,46.2,9,,1710000003480,
3480,I,-0.0374,-0.0377,1.0198,-3.07,-4.46,-0.24,,,,,,,,4480000
3490,I,-0.0364,-0.0398,1.0198,-3.10,-4.50,-0.20,,,,,,,,4490000
3500,I,-0.0352,-0.0419,1.0199,-3.12,-4.54,-0.16,,,,,,,,4500000
3510,I,-0.0340,-0.0440,1.0199,-3.15,-4.58,-0.12,,,,,,,,4510000
3520,I,-0.0327,-0.0460,1.0200,-3.18,-4.62,-0.08,,,,,,,,4520000
3530,I,-0.0314,-0.0480,1.0200,-3.21,-4.66,-0.04,,,,,,,,4530000
3540,I,-0.0300,-0.0500,1.0200,-3.24,-4.70,0.00,,,,,,,,4540000
3550,I,-0.0286,-0.0519,1.0200,-3.26,-4.74,0.04,,,,,,,,4550000
3560,I,-0.0270,-0.0538,1.0200,-3.29,-4.78,0.08,,,,,,,,4560000
3570,I,-0.0255,-0.0557,1.0199,-3.32,-4.82,0.12,,,,,,,,4570000
3580,I,-0.0239,-0.0575,1.0199,-3.34,-4.86,0.16,,,,,,,,4580000
3590,I,-0.0222,-0.0593,1.0198,-3.37,-4.90,0.20,,,,,,,,4590000
3600,G,,,,,,,12.9716170,77.5945691,,45.7,9,,1710000003600,
3600,I,-0.0204,-0.0611,1.0198,-3.39,-4.94,0.24,,,,,,,,4600000
3610,I,-0.0187,-0.0628,1.0197,-3.42,-4.98,0.29,,,,,,,,4610000
3620,I,-0.0168,-0.0645,1.0196,-3.44,-5.02,0.33,,,,,,,,4620000
3630,I,-0.0149,-0.0661,1.0195,-3.46,-5.06,0.37,,,,,,,,4630000
3640,I,-0.0130,-0.0677,1.0194,-3.49,-5.10,0.41,,,,,,,,4640000
3650,I,-0.0110,-0.0693,1.0192,-3.51,-5.13,0.45,,,,,,,,4650000
3660,I,-0.0089,-0.0709,1.0191,-3.53,-5.17,0.50,,,,,,,,4660000
3670,I,-0.0068,-0.0724,1.0189,-3.55,-5.21,0.54,,,,,,,,4670000
3680,I,-0.0047,-0.0738,1.0188,-3.57,-5.25,0.58,,,,,,,,4680000
3690,I,-0.0025,-0.0753,1.0186,-3.59,-5.28,0.63,,,,,,,,4690000
3700,I,-0.0003,-0.0767,1.0184,-3.61,-5.32,0.67,,,,,,,,4700000
3710,I,0.0019,-0.0780,1.0182,-3.63,-5.36,0.72,,,,,,,,4710000
3720,G,,,,,,,12.9716503,77.5945077,,45.0,9,,1710000003720,
3720,I,0.0042,-0.0794,1.0180,-3.65,-5.40,0.76,,,,,,,,4720000
3730,I,0.0065,-0.0807,1.0177,-3.67,-5.43,0.81,,,,,,,,4730000
3740,I,0.0089,-0.0819,1.0175,-3.69,-5.47,0.86,,,,,,,,4740000
3750,I,0.0112,-0.0832,1.0173,-3.71,-5.50,0.90,,,,,,,,4750000
3760,I,0.0136,-0.0843,1.0170,-3.72,-5.54,0.95,,,,,,,,4760000
3770,I,0.0161,-0.0855,1.0167,-3.74,-5.58,1.00,,,,,,,,4770000
3780,I,0.0185,-0.0866,1.0164,-3.76,-5.61,1.05,,,,,,,,4780000
3790,I,0.0210,-0.0877,1.0161,-3.77,-5.65,1.10,,,,,,,,4790000
3800,I,0.0235,-0.0888,1.0158,-3.79,-5.68,1.15,,,,,,,,4800000
3810,I,0.0260,-0.0898,1.0155,-3.80,-5.72,1.21,,,,,,,,4810000
3820,I,0.0285,-0.0908,1.0152,-3.82,-5.75,1.26,,,,,,,,4820000
3830,I,0.0310,-0.0918,1.0148,-3.83,-5.79,1.32,,,,,,,,4830000
3840,G,,,,,,,12.9716812,77.5944474,,43.8,9,,1710000003840,
3840,I,0.0335,-0.0928,1.0145,-3.84,-5.82,1.37,,,,,,,,4840000
3850,I,0.0360,-0.0937,1.0141,-3.85,-5.85,1.43,,,,,,,,4850000
3860,I,0.0385,-0.0946,1.0137,-3.87,-5.89,1.49,,,,,,,,4860000
3870,I,0.0410,-0.0954,1.0133,-3.88,-5.92,1.55,,,,,,,,4870000
3880,I,0.0435,-0.0963,1.0129,-3.89,-5.95,1.61,,,,,,,,4880000
3890,I,0.0460,-0.0971,1.0125,-3.90,-5.99,1.67,,,,,,,,4890000
3900,I,0.0485,-0.0978,1.0121,-3.91,-6.02,1.74,,,,,,,,4900000
3910,I,0.0510,-0.0986,1.0117,-3.92,-6.05,1.80,,,,,,,,4910000
3920,I,0.0534,-0.0993,1.0112,-3.93,-6.09,1.87,,,,,,,,4920000
3930,I,0.0558,-0.1000,1.0108,-3.94,-6.12,1.94,,,,,,,,4930000
3940,I,0.0582,-0.1007,1.0103,-3.94,-6.15,2.01,,,,,,,,4940000
3950,I,0.0606,-0.1013,1.0099,-3.95,-6.18,2.08,,,,,,,,4950000
3960,G,,,,,,,12.9717085,77.5943888,,42.4,9,,1710000003960,
3960,I,0.0629,-0.1020,1.0094,-3.96,-6.21,2.16,,,,,,,,4960000
3970,I,0.0652,-0.1026,1.0089,-3.97,-6.24,2.24,,,,,,,,4970000
3980,I,0.0675,-0.1032,1.0084,-3.97,-6.27,2.32,,,,,,,,4980000
3990,I,0.0697,-0.1037,1.0079,-3.98,-6.31,2.40,,,,,,,,4990000
4000,I,0.0719,-0.1043,1.0074,-3.98,-6.34,2.48,,,,,,,,5000000
4010,I,0.0740,-0.1048,1.0069,-3.99,-6.37,2.57,,,,,,,,5010000
4020,I,0.0761,-0.1053,1.0063,-3.99,-6.40,2.65,,,,,,,,5020000
4030,I,0.0782,-0.1058,1.0058,-3.99,-6.43,2.75,,,,,,,,5030000
4040,I,0.0801,-0.1063,1.0053,-3.99,-6.46,2.84,,,,,,,,5040000
4050,I,0.0821,-0.1068,1.0047,-4.00,-6.48,2.93,,,,,,,,5050000
4060,I,0.0839,-0.1072,1.0041,-4.00,-6.51,3.03,,,,,,,,5060000
4070,I,0.0858,-0.1077,1.0036,-4.00,-6.54,3.14,,,,,,,,5070000
4080,G,,,,,,,12.9717309,77.5943326,,40.8,9,,1710000004080,
4080,I,0.0875,-0.1081,1.0030,-4.00,-6.57,3.24,,,,,,,,5080000
4090,I,0.0892,-0.1085,1.0024,-4.00,-6.60,3.35,,,,,,,,5090000
4100,I,0.0908,-0.1089,1.0018,-4.00,-6.63,3.46,,,,,,,,5100000
4110,I,0.0924,-0.1093,1.0012,-4.00,-6.65,3.57,,,,,,,,5110000
4120,I,0.0939,-0.1096,1.0006,-4.00,-6.68,3.69,,,,,,,,5120000
4130,I,0.0953,-0.1100,1.0000,-3.99,-6.71,3.81,,,,,,,,5130000
4140,I,0.0966,-0.1104,0.9994,-3.99,-6.74,3.94,,,,,,,,5140000
4150,I,0.0979,-0.1107,0.9988,-3.99,-6.76,4.07,,,,,,,,5150000
4160,I,0.0991,-0.1110,0.9981,-3.98,-6.79,4.20,,,,,,,,5160000
4170,I,0.1002,-0.1114,0.9975,-3.98,-6.82,4.34,,,,,,,,5170000
4180,I,0.1012,-0.1117,0.9969,-3.98,-6.84,4.47,,,,,,,,5180000
4190,I,0.1022,-0.1120,0.9962,-3.97,-6.87,4.62,,,,,,,,5190000
4200,G,,,,,,,12.9717474,77.5942794,,38.9,9,,1710000004200,
4200,I,0.1030,-0.1124,0.9956,-3.96,-6.89,4.77,,,,,,,,5200000
4210,I,0.1038,-0.1127,0.9949,-3.96,-6.92,4.92,,,,,,,,5210000
4220,I,0.1045,-0.1130,0.9942,-3.95,-6.94,5.07,,,,,,,,5220000
4230,I,0.1052,-0.1133,0.9936,-3.94,-6.97,5.23,,,,,,,,5230000
4240,I,0.1057,-0.1136,0.9929,-3.94,-6.99,5.39,,,,,,,,5240000
4250,I,0.1062,-0.1139,0.9922,-3.93,-7.02,5.55,,,,,,,,5250000
4260,I,0.1066,-0.1142,0.9915,-3.92,-7.04,5.72,,,,,,,,5260000
4270,I,0.1068,-0.1146,0.9909,-3.91,-7.06,5.89,,,,,,,,5270000
4280,I,0.1071,-0.1149,0.9902,-3.90,-7.09,6.07,,,,,,,,5280000
4290,I,0.1072,-0.1152,0.9895,-3.89,-7.11,6.25,,,,,,,,5290000
4300,I,0.1072,-0.1155,0.9888,-3.88,-7.13,6.42,,,,,,,,5300000
4310,I,0.1072,-0.1159,0.9881,-3.87,-7.15,6.60,,,,,,,,5310000
4320,G,,,,,,,12.9717572,77.5942298,,36.9,9,,1710000004320,
4320,I,0.1071,-0.1162,0.9874,-3.85,-7.18,6.79,,,,,,,,5320000
4330,I,0.1069,-0.1165,0.9867,-3.84,-7.20,6.97,,,,,,,,5330000
4340,I,0.1066,-0.1169,0.9860,-3.83,-7.22,7.15,,,,,,,,5340000
4350,I,0.1063,-0.1172,0.9853,-3.81,-7.24,7.34,,,,,,,,5350000
4360,I,0.1058,-0.1176,0.9846,-3.80,-7.26,7.52,,,,,,,,5360000
4370,I,0.1053,-0.1180,0.9839,-3.79,-7.28,7.70,,,,,,,,5370000
4380,I,0.1047,-0.1184,0.9832,-3.77,-7.30,7.88,,,,,,,,5380000
4390,I,0.1041,-0.1187,0.9825,-3.75,-7.32,8.05,,,,,,,,5390000
4400,I,0.1034,-0.1191,0.9818,-3.74,-7.34,8.22,,,,,,,,5400000
4410,I,0.1025,-0.1196,0.9811,-3.72,-7.36,8.39,,,,,,,,5410000
4420,I,0.1017,-0.1200,0.9804,-3.70,-7.38,8.55,,,,,,,,5420000
4430,I,0.1007,-0.1204,0.9796,-3.69,-7.40,8.70,,,,,,,,5430000
4440,G,,,,,,,12.9717599,77.5941845,,34.9,9,,1710000004440,
4440,I,0.0997,-0.1209,0.9789,-3.67,-7.42,8.85,,,,,,,,5440000
4450,I,0.0987,-0.1213,0.9782,-3.65,-7.44,8.98,,,,,,,,5450000
4460,I,0.0975,-0.1218,0.9775,-3.63,-7.46,9.11,,,,,,,,5460000
4470,I,0.0963,-0.1223,0.9768,-3.61,-7.47,9.23,,,,,,,,5470000
4480,I,0.0951,-0.1228,0.9761,-3.59,-7.49,9.33,,,,,,,,5480000
4490,I,0.0938,-0.1234,0.9754,-3.57,-7.51,9.42,,,,,,,,5490000
4500,I,0.0924,-0.1239,0.9747,-3.55,-7.53,9.50,,,,,,,,5500000
4510,I,0.0910,-0.1245,0.9740,-3.53,-7.54,9.56,,,,,,,,5510000
4520,I,0.0895,-0.1250,0.9733,-3.51,-7.56,9.61,,,,,,,,5520000
4530,I,0.0880,-0.1256,0.9726,-3.48,-7.57,9.65,,,,,,,,5530000
4540,I,0.0865,-0.1262,0.9719,-3.46,-7.59,9.67,,,,,,,,5540000
4550,I,0.0849,-0.1269,0.9712,-3.44,-7.61,9.67,,,,,,,,5550000
4560,G,,,,,,,12.9717554,77.5941438,,33.0,9,,1710000004560,
4560,I,0.0833,-0.1275,0.9705,-3.41,-7.62,9.66,,,,,,,,5560000
4570,I,0.0816,-0.1282,0.9698,-3.39,-7.64,9.64,,,,,,,,5570000
4580,I,0.0799,-0.1289,0.9691,-3.36,-7.65,9.60,,,,,,,,5580000
4590,I,0.0782,-0.1296,0.9685,-3.34,-7.67,9.54,,,,,,,,5590000
4600,I,0.0764,-0.1303,0.9678,-3.31,-7.68,9.48,,,,,,,,5600000
4610,I,0.0747,-0.1310,0.9671,-3.29,-7.69,9.40,,,,,,,,5610000
4620,I,0.0729,-0.1318,0.9664,-3.26,-7.71,9.31,,,,,,,,5620000
4630,I,0.0710,-0.1326,0.9658,-3.23,-7.72,9.20,,,,,,,,5630000
4640,I,0.0692,-0.1334,0.9651,-3.21,-7.73,9.09,,,,,,,,5640000
4650,I,0.0674,-0.1342,0.9644,-3.18,-7.75,8.97,,,,,,,,5650000
4660,I,0.0655,-0.1350,0.9638,-3.15,-7.76,8.83,,,,,,,,5660000
4670,I,0.0636,-0.1359,0.9631,-3.12,-7.77,8.70,,,,,,,,5670000
4680,G,,,,,,,12.9717439,77.5941083,,31.1,9,,1710000004680,
4680,I,0.0618,-0.1368,0.9625,-3.09,-7.78,8.55,,,,,,,,5680000
4690,I,0.0599,-0.1377,0.9619,-3.06,-7.79,8.40,,,,,,,,5690000
4700,I,0.0580,-0.1386,0.9612,-3.03,-7.80,8.25,,,,,,,,5700000
4710,I,0.0561,-0.1396,0.9606,-3.00,-7.81,8.09,,,,,,,,5710000
4720,I,0.0543,-0.1405,0.9600,-2.97,-7.83,7.93,,,,,,,,5720000
4730,I,0.0524,-0.1415,0.9594,-2.94,-7.84,7.76,,,,,,,,5730000
4740,I,0.0506,-0.1425,0.9588,-2.91,-7.85,7.60,,,,,,,,5740000
4750,I,0.0487,-0.1435,0.9582,-2.88,-7.85,7.43,,,,,,,,5750000
4760,I,0.0469,-0.1446,0.9576,-2.85,-7.86,7.27,,,,,,,,5760000
4770,I,0.0451,-0.1457,0.9570,-2.81,-7.87,7.11,,,,,,,,5770000
4780,I,0.0433,-0.1467,0.9564,-2.78,-7.88,6.94,,,,,,,,5780000
4790,I,0.0416,-0.1479,0.9559,-2.75,-7.89,6.78,,,,,,,,5790000
4800,G,,,,,,,12.9717258,77.5940784,,29.5,9,,1710000004800,
4800,I,0.0398,-0.1490,0.9553,-2.71,-7.90,6.62,,,,,,,,5800000
4810,I,0.0381,-0.1501,0.9547,-2.68,-7.91,6.47,,,,,,,,5810000
4820,I,0.0364,-0.1513,0.9542,-2.64,-7.91,6.32,,,,,,,,5820000
4830,I,0.0348,-0.1525,0.9537,-2.61,-7.92,6.17,,,,,,,,5830000
4840,I,0.0331,-0.1537,0.9531,-2.57,-7.93,6.02,,,,,,,,5840000
4850,I,0.0316,-0.1549,0.9526,-2.54,-7.93,5.88,,,,,,,,5850000
4860,I,0.0300,-0.1561,0.9521,-2.50,-7.94,5.74,,,,,,,,5860000
4870,I,0.0285,-0.1574,0.9516,-2.47,-7.95,5.60,,,,,,,,5870000
4880,I,0.0270,-0.1586,0.9511,-2.43,-7.95,5.47,,,,,,,,5880000
4890,I,0.0255,-0.1599,0.9506,-2.39,-7.96,5.35,,,,,,,,5890000
4900,I,0.0241,-0.1612,0.9501,-2.36,-7.96,5.22,,,,,,,,5900000
4910,I,0.0228,-0.1625,0.9497,-2.32,-7.97,5.10,,,,,,,,5910000
4920,G,,,,,,,12.9717021,77.5940544,,28.1,9,,1710000004920,
4920,I,0.0214,-0.1639,0.9492,-2.28,-7.97,4.99,,,,,,,,5920000
4930,I,0.0202,-0.1652,0.9488,-2.24,-7.98,4.88,,,,,,,,5930000
4940,I,0.0189,-0.1666,0.9483,-2.21,-7.98,4.77,,,,,,,,5940000
4950,I,0.0177,-0.1680,0.9479,-2.17,-7.98,4.67,,,,,,,,5950000
4960,I,0.0166,-0.1693,0.9475,-2.13,-7.99,4.57,,,,,,,,5960000
4970,I,0.0155,-0.1707,0.9471,-2.09,-7.99,4.47,,,,,,,,5970000
4980,I,0.0144,-0.1721,0.9467,-2.05,-7.99,4.38,,,,,,,,5980000
4990,I,0.0134,-0.1736,0.9463,-2.01,-7.99,4.29,,,,,,,,5990000
5000,I,0.0124,-0.1750,0.9459,-1.97,-7.99,4.21,,,,,,,,6000000
5010,I,0.0115,-0.1764,0.9455,-1.93,-8.00,4.13,,,,,,,,6010000
5020,I,0.0106,-0.1779,0.9452,-1.89,-8.00,4.05,,,,,,,,6020000
5030,I,0.0097,-0.1793,0.9448,-1.85,-8.00,3.98,,,,,,,,6030000
5040,G,,,,,,,12.9716738,77.5940366,,27.0,9,,1710000005040,
5040,I,0.0089,-0.1808,0.9445,-1.81,-8.00,3.91,,,,,,,,6040000
5050,I,0.0082,-0.1823,0.9442,-1.77,-8.00,3.84,,,,,,,,6050000
5060,I,0.0075,-0.1837,0.9439,-1.72,-8.00,3.78,,,,,,,,6060000
5070,I,0.0068,-0.1852,0.9436,-1.68,-8.00,3.72,,,,,,,,6070000
5080,I,0.0062,-0.1867,0.9433,-1.64,-8.00,3.66,,,,,,,,6080000
5090,I,0.0056,-0.1882,0.9430,-1.60,-8.00,3.61,,,,,,,,6090000
5100,I,0.0051,-0.1897,0.9427,-1.56,-8.00,3.55,,,,,,,,6100000
5110,I,0.0045,-0.1912,0.9425,-1.51,-8.00,3.50,,,,,,,,6110000
5120,I,0.0041,-0.1927,0.9423,-1.47,-7.99,3.46,,,,,,,,6120000
5130,I,0.0036,-0.1941,0.9420,-1.43,-7.99,3.42,,,,,,,,6130000
5140,I,0.0032,-0.1956,0.9418,-1.38,-7.99,3.37,,,,,,,,6140000
5150,I,0.0029,-0.1971,0.9416,-1.34,-7.99,3.34,,,,,,,,6150000
5160,G,,,,,,,12.9716421,77.5940251,,26.3,9,,1710000005160,
5160,I,0.0025,-0.1986,0.9414,-1.30,-7.98,3.30,,,,,,,,6160000
5170,I,0.0022,-0.2001,0.9412,-1.25,-7.98,3.27,,,,,,,,6170000
5180,I,0.0019,-0.2016,0.9411,-1.21,-7.98,3.24,,,,,,,,6180000
5190,I,0.0017,-0.2030,0.9409,-1.16,-7.97,3.21,,,,,,,,6190000
5200,I,0.0015,-0.2045,0.9408,-1.12,-7.97,3.18,,,,,,,,6200000
5210,I,0.0012,-0.2060,0.9406,-1.08,-7.96,3.16,,,,,,,,6210000
5220,I,0.0011,-0.2074,0.9405,-1.03,-7.96,3.14,,,,,,,,6220000
5230,I,0.0009,-0.2089,0.9404,-0.99,-7.95,3.12,,,,,,,,6230000
5240,I,0.0007,-0.2103,0.9403,-0.94,-7.95,3.10,,,,,,,,6240000
5250,I,0.0006,-0.2117,0.9402,-0.90,-7.94,3.09,,,,,,,,6250000
5260,I,0.0005,-0.2131,0.9402,-0.85,-7.94,3.08,,,,,,,,6260000
5270,I,0.0004,-0.2145,0.9401,-0.81,-7.93,3.07,,,,,,,,6270000
5280,G,,,,,,,12.9716085,77.5940202,,26.0,9,,1710000005280,
5280,I,0.0003,-0.2159,0.9401,-0.76,-7.92,3.06,,,,,,,,6280000
5290,I,0.0002,-0.2173,0.9400,-0.72,-7.92,3.06,,,,,,,,6290000
5300,I,0.0001,-0.2187,0.9400,-0.67,-7.91,3.05,,,,,,,,6300000
5310,I,-0.0000,-0.2200,0.9400,-0.63,-7.90,3.05,,,,,,,,6310000
5320,I,-0.0001,-0.2213,0.9400,-0.58,-7.89,3.05,,,,,,,,6320000
5330,I,-0.0002,-0.2226,0.9400,-0.53,-7.89,3.06,,,,,,,,6330000
5340,I,-0.0003,-0.2239,0.9401,-0.49,-7.88,3.06,,,,,,,,6340000
5350,I,-0.0004,-0.2252,0.9401,-0.44,-7.87,3.07,,,,,,,,6350000
5360,I,-0.0005,-0.2264,0.9402,-0.40,-7.86,3.08,,,,,,,,6360000
5370,I,-0.0006,-0.2276,0.9402,-0.35,-7.85,3.09,,,,,,,,6370000
5380,I,-0.0007,-0.2288,0.9403,-0.30,-7.84,3.10,,,,,,,,6380000
5390,I,-0.0009,-0.2300,0.9404,-0.26,-7.83,3.12,,,,,,,,6390000
5400,G,,,,,,,12.9715745,77.5940218,,26.1,9,,1710000005400,
5400,I,-0.0011,-0.2312,0.9405,-0.21,-7.82,3.14,,,,,,,,6400000
5410,I,-0.0012,-0.2323,0.9406,-0.17,-7.81,3.16,,,,,,,,6410000
5420,I,-0.0015,-0.2334,0.9408,-0.12,-7.80,3.18,,,,,,,,6420000
5430,I,-0.0017,-0.2345,0.9409,-0.07,-7.79,3.21,,,,,,,,6430000
5440,I,-0.0019,-0.2355,0.9411,-0.03,-7.77,3.24,,,,,,,,6440000
5450,I,-0.0022,-0.2365,0.9412,0.02,-7.76,3.27,,,,,,,,6450000
5460,I,-0.0025,-0.2375,0.9414,0.06,-7.75,3.30,,,,,,,,6460000
5470,I,-0.0029,-0.2384,0.9416,0.11,-7.74,3.34,,,,,,,,6470000
5480,I,-0.0032,-0.2394,0.9418,0.16,-7.73,3.37,,,,,,,,6480000
5490,I,-0.0036,-0.2403,0.9420,0.20,-7.71,3.42,,,,,,,,6490000
5500,I,-0.0041,-0.2411,0.9423,0.25,-7.70,3.46,,,,,,,,6500000
5510,I,-0.0045,-0.2419,0.9425,0.29,-7.69,3.50,,,,,,,,6510000
5520,G,,,,,,,12.9715417,77.5940300,,26.6,9,,1710000005520,
5520,I,-0.0051,-0.2427,0.9427,0.34,-7.67,3.55,,,,,,,,6520000
5530,I,-0.0056,-0.2435,0.9430,0.39,-7.66,3.61,,,,,,,,6530000
5540,I,-0.0062,-0.2442,0.9433,0.43,-7.64,3.66,,,,,,,,6540000
5550,I,-0.0068,-0.2448,0.9436,0.48,-7.63,3.72,,,,,,,,6550000
5560,I,-0.0075,-0.2455,0.9439,0.52,-7.61,3.78,,,,,,,,6560000
5570,I,-0.0082,-0.2461,0.9442,0.57,-7.60,3.84,,,,,,,,6570000
5580,I,-0.0089,-0.2466,0.9445,0.62,-7.58,3.91,,,,,,,,6580000
5590,I,-0.0097,-0.2472,0.9448,0.66,-7.57,3.98,,,,,,,,6590000
5600,I,-0.0106,-0.2476,0.9452,0.71,-7.55,4.05,,,,,,,,6600000
5610,I,-0.0115,-0.2481,0.9455,0.75,-7.53,4.13,,,,,,,,6610000
5620,I,-0.0124,-0.2485,0.9459,0.80,-7.52,4.21,,,,,,,,6620000
5630,I,-0.0134,-0.2488,0.9463,0.84,-7.50,4.29,,,,,,,,6630000
5640,G,,,,,,,12.9715116,77.5940447,,27.5,9,,1710000005640,
5640,I,-0.0144,-0.2491,0.9467,0.89,-7.48,4.38,,,,,,,,6640000
5650,I,-0.0155,-0.2494,0.9471,0.93,-7.46,4.47,,,,,,,,6650000
5660,I,-0.0166,-0.2496,0.9475,0.98,-7.45,4.57,,,,,,,,6660000
5670,I,-0.0177,-0.2498,0.9479,1.02,-7.43,4.67,,,,,,,,6670000
5680,I,-0.0189,-0.2499,0.9483,1.07,-7.41,4.77,,,,,,,,6680000
5690,I,-0.0202,-0.2500,0.9488,1.11,-7.39,4.88,,,,,,,,6690000
5700,I,-0.0214,-0.2500,0.9492,1.15,-7.37,4.99,,,,,,,,6700000
5710,I,-0.0228,-0.2500,0.9497,1.20,-7.35,5.10,,,,,,,,6710000
5720,I,-0.0241,-0.2500,0.9501,1.24,-7.33,5.22,,,,,,,,6720000
5730,I,-0.0255,-0.2499,0.9506,1.29,-7.31,5.35,,,,,,,,6730000
5740,I,-0.0270,-0.2497,0.9511,1.33,-7.29,5.47,,,,,,,,6740000
5750,I,-0.0285,-0.2495,0.9516,1.37,-7.27,5.60,,,,,,,,6750000
5760,G,,,,,,,12.9714854,77.5940656,,28.7,9,,1710000005760,
5760,I,-0.0300,-0.2493,0.9521,1.42,-7.25,5.74,,,,,,,,6760000
5770,I,-0.0316,-0.2490,0.9526,1.46,-7.23,5.88,,,,,,,,6770000
5780,I,-0.0331,-0.2486,0.9531,1.50,-7.21,6.02,,,,,,,,6780000
5790,I,-0.0348,-0.2482,0.9537,1.55,-7.19,6.17,,,,,,,,6790000
5800,I,-0.0364,-0.2478,0.9542,1.59,-7.16,6.32,,,,,,,,6800000
5810,I,-0.0381,-0.2473,0.9547,1.63,-7.14,6.47,,,,,,,,6810000
5820,I,-0.0398,-0.2467,0.9553,1.67,-7.12,6.62,,,,,,,,6820000
5830,I,-0.0416,-0.2461,0.9559,1.71,-7.10,6.78,,,,,,,,6830000
5840,I,-0.0433,-0.2455,0.9564,1.76,-7.07,6.94,,,,,,,,6840000
5850,I,-0.0451,-0.2448,0.9570,1.80,-7.05,7.11,,,,,,,,6850000
5860,I,-0.0469,-0.2440,0.9576,1.84,-7.03,7.27,,,,,,,,6860000
5870,I,-0.0487,-0.2432,0.9582,1.88,-7.00,7.43,,,,,,,,6870000
5880,G,,,,,,,12.9714644,77.5940926,,30.3,9,,1710000005880,
5880,I,-0.0506,-0.2424,0.9588,1.92,-6.98,7.60,,,,,,,,6880000
5890,I,-0.0524,-0.2415,0.9594,1.96,-6.95,7.76,,,,,,,,6890000
5900,I,-0.0543,-0.2405,0.9600,2.00,-6.93,7.93,,,,,,,,6900000
5910,I,-0.0561,-0.2395,0.9606,2.04,-6.90,8.09,,,,,,,,6910000
5920,I,-0.0580,-0.2385,0.9612,2.08,-6.88,8.25,,,,,,,,6920000
5930,I,-0.0599,-0.2374,0.9619,2.12,-6.85,8.40,,,,,,,,6930000
5940,I,-0.0618,-0.2362,0.9625,2.16,-6.83,8.55,,,,,,,,6940000
5950,I,-0.0636,-0.2350,0.9631,2.20,-6.80,8.70,,,,,,,,6950000
5960,I,-0.0655,-0.2338,0.9638,2.23,-6.77,8.83,,,,,,,,6960000
5970,I,-0.0674,-0.2325,0.9644,2.27,-6.75,8.97,,,,,,,,6970000
5980,I,-0.0692,-0.2311,0.9651,2.31,-6.72,9.09,,,,,,,,6980000
5990,I,-0.0710,-0.2297,0.9658,2.35,-6.69,9.20,,,,,,,,6990000
6000,G,,,,,,,12.9714495,77.5941254,,32.0,9,,1710000006000,
6000,I,-0.0729,-0.2283,0.9664,2.39,-6.67,9.31,,,,,,,,7000000
6010,I,-0.0747,-0.2268,0.9671,2.42,-6.64,9.40,,,,,,,,7010000
6020,I,-0.0764,-0.2252,0.9678,2.46,-6.61,9.48,,,,,,,,7020000
6030,I,-0.0782,-0.2236,0.9685,2.50,-6.58,9.54,,,,,,,,7030000
6040,I,-0.0799,-0.2220,0.9691,2.53,-6.55,9.60,,,,,,,,7040000
6050,I,-0.0816,-0.2203,0.9698,2.57,-6.53,9.64,,,,,,,,7050000
6060,I,-0.0833,-0.2186,0.9705,2.60,-6.50,9.66,,,,,,,,7060000
6070,I,-0.0849,-0.2168,0.9712,2.64,-6.47,9.67,,,,,,,,7070000
6080,I,-0.0865,-0.2150,0.9719,2.67,-6.44,9.67,,,,,,,,7080000
6090,I,-0.0880,-0.2131,0.9726,2.71,-6.41,9.65,,,,,,,,7090000
6100,I,-0.0895,-0.2112,0.9733,2.74,-6.38,9.61,,,,,,,,7100000
6110,I,-0.0910,-0.2092,0.9740,2.77,-6.35,9.56,,,,,,,,7110000
6120,G,,,,,,,12.9714414,77.5941635,,33.9,9,,1710000006120,
6120,I,-0.0924,-0.2072,0.9747,2.81,-6.32,9.50,,,,,,,,7120000
6130,I,-0.0938,-0.2052,0.9754,2.84,-6.29,9.42,,,,,,,,7130000
6140,I,-0.0951,-0.2031,0.9761,2.87,-6.26,9.33,,,,,,,,7140000
6150,I,-0.0963,-0.2010,0.9768,2.90,-6.23,9.23,,,,,,,,7150000
6160,I,-0.0975,-0.1988,0.9775,2.93,-6.19,9.11,,,,,,,,7160000
6170,I,-0.0987,-0.1966,0.9782,2.97,-6.16,8.98,,,,,,,,7170000
6180,I,-0.0997,-0.1944,0.9789,3.00,-6.13,8.85,,,,,,,,7180000
6190,I,-0.1007,-0.1921,0.9796,3.03,-6.10,8.70,,,,,,,,7190000
6200,I,-0.1017,-0.1898,0.9804,3.06,-6.07,8.55,,,,,,,,7200000
6210,I,-0.1025,-0.1874,0.9811,3.09,-6.03,8.39,,,,,,,,7210000
6220,I,-0.1034,-0.1850,0.9818,3.12,-6.00,8.22,,,,,,,,7220000
6230,I,-0.1041,-0.1826,0.9825,3.14,-5.97,8.05,,,,,,,,7230000
6240,G,,,,,,,12.9714405,77.5942066,,35.9,9,,1710000006240,
6240,I,-0.1047,-0.1801,0.9832,3.17,-5.94,7.88,,,,,,,,7240000
6250,I,-0.1053,-0.1776,0.9839,3.20,-5.90,7.70,,,,,,,,7250000
6260,I,-0.1058,-0.1751,0.9846,3.23,-5.87,7.52,,,,,,,,7260000
6270,I,-0.1063,-0.1725,0.9853,3.25,-5.83,7.34,,,,,,,,7270000
6280,I,-0.1066,-0.1699,0.9860,3.28,-5.80,7.15,,,,,,,,7280000
6290,I,-0.1069,-0.1673,0.9867,3.31,-5.77,6.97,,,,,,,,7290000
6300,I,-0.1071,-0.1646,0.9874,3.33,-5.73,6.79,,,,,,,,7300000
6310,I,-0.1072,-0.1620,0.9881,3.36,-5.70,6.60,,,,,,,,7310000
6320,I,-0.1072,-0.1593,0.9888,3.38,-5.66,6.42,,,,,,,,7320000
6330,I,-0.1072,-0.1565,0.9895,3.41,-5.63,6.25,,,,,,,,7330000
6340,I,-0.1071,-0.1538,0.9902,3.43,-5.59,6.07,,,,,,,,7340000
6350,I,-0.1068,-0.1510,0.9909,3.46,-5.56,5.89,,,,,,,,7350000
6360,G,,,,,,,12.9714468,77.5942541,,37.9,9,,1710000006360,
6360,I,-0.1066,-0.1482,0.9915,3.48,-5.52,5.72,,,,,,,,7360000
6370,I,-0.1062,-0.1453,0.9922,3.50,-5.48,5.55,,,,,,,,7370000
6380,I,-0.1057,-0.1425,0.9929,3.52,-5.45,5.39,,,,,,,,7380000
6390,I,-0.1052,-0.1396,0.9936,3.54,-5.41,5.23,,,,,,,,7390000
6400,I,-0.1045,-0.1367,0.9942,3.57,-5.37,5.07,,,,,,,,7400000
6410,I,-0.1038,-0.1338,0.9949,3.59,-5.34,4.92,,,,,,,,7410000
6420,I,-0.1030,-0.1309,0.9956,3.61,-5.30,4.77,,,,,,,,7420000
6430,I,-0.1022,-0.1279,0.9962,3.63,-5.26,4.62,,,,,,,,7430000
6440,I,-0.1012,-0.1250,0.9969,3.65,-5.23,4.47,,,,,,,,7440000
6450,I,-0.1002,-0.1220,0.9975,3.66,-5.19,4.34,,,,,,,,7450000
6460,I,-0.0991,-0.1190,0.9981,3.68,-5.15,4.20,,,,,,,,7460000
6470,I,-0.0979,-0.1160,0.9988,3.70,-5.11,4.07,,,,,,,,7470000
6480,G,,,,,,,12.9714600,77.5943056,,39.8,9,,1710000006480,
6480,I,-0.0966,-0.1130,0.9994,3.72,-5.07,3.94,,,,,,,,7480000
6490,I,-0.0953,-0.1100,1.0000,3.73,-5.03,3.81,,,,,,,,7490000
6500,I,-0.0939,-0.1070,1.0006,3.75,-5.00,3.69,,,,,,,,7500000
6510,I,-0.0924,-0.1039,1.0012,3.77,-4.96,3.57,,,,,,,,7510000
6520,I,-0.0908,-0.1009,1.0018,3.78,-4.92,3.46,,,,,,,,7520000
6530,I,-0.0892,-0.0979,1.0024,3.80,-4.88,3.35,,,,,,,,7530000
6540,I,-0.0875,-0.0948,1.0030,3.81,-4.84,3.24,,,,,,,,7540000
6550,I,-0.0858,-0.0918,1.0036,3.82,-4.80,3.14,,,,,,,,7550000
6560,I,-0.0839,-0.0887,1.0041,3.84,-4.76,3.03,,,,,,,,7560000
6570,I,-0.0821,-0.0856,1.0047,3.85,-4.72,2.93,,,,,,,,7570000
6580,I,-0.0801,-0.0826,1.0053,3.86,-4.68,2.84,,,,,,,,7580000
6590,I,-0.0782,-0.0795,1.0058,3.87,-4.64,2.75,,,,,,,,7590000
6600,G,,,,,,,12.9714796,77.5943603,,41.6,9,,1710000006600,
6600,I,-0.0761,-0.0765,1.0063,3.89,-4.60,2.65,,,,,,,,7600000
6610,I,-0.0740,-0.0734,1.0069,3.90,-4.56,2.57,,,,,,,,7610000
6620,I,-0.0719,-0.0704,1.0074,3.91,-4.52,2.48,,,,,,,,7620000
6630,I,-0.0697,-0.0673,1.0079,3.92,-4.48,2.40,,,,,,,,7630000
6640,I,-0.0675,-0.0643,1.0084,3.93,-4.43,2.32,,,,,,,,7640000
6650,I,-0.0652,-0.0613,1.0089,3.93,-4.39,2.24,,,,,,,,7650000
6660,I,-0.0629,-0.0582,1.0094,3.94,-4.35,2.16,,,,,,,,7660000
6670,I,-0.0606,-0.0552,1.0099,3.95,-4.31,2.08,,,,,,,,7670000
6680,I,-0.0582,-0.0522,1.0103,3.96,-4.27,2.01,,,,,,,,7680000
6690,I,-0.0558,-0.0492,1.0108,3.96,-4.23,1.94,,,,,,,,7690000
6700,I,-0.0534,-0.0463,1.0112,3.97,-4.18,1.87,,,,,,,,7700000
6710,I,-0.0510,-0.0433,1.0117,3.97,-4.14,1.80,,,,,,,,7710000
6720,G,,,,,,,12.9715046,77.5944178,,43.2,9,,1710000006720,
6720,I,-0.0485,-0.0404,1.0121,3.98,-4.10,1.74,,,,,,,,7720000
6730,I,-0.0460,-0.0374,1.0125,3.98,-4.06,1.67,,,,,,,,7730000
6740,I,-0.0435,-0.0345,1.0129,3.99,-4.01,1.61,,,,,,,,7740000
6750,I,-0.0410,-0.0316,1.0133,3.99,-3.97,1.55,,,,,,,,7750000
6760,I,-0.0385,-0.0287,1.0137,3.99,-3.93,1.49,,,,,,,,7760000
6770,I,-0.0360,-0.0258,1.0141,4.00,-3.88,1.43,,,,,,,,7770000
6780,I,-0.0335,-0.0230,1.0145,4.00,-3.84,1.37,,,,,,,,7780000
6790,I,-0.0310,-0.0202,1.0148,4.00,-3.80,1.32,,,,,,,,7790000
6800,I,-0.0285,-0.0174,1.0152,4.00,-3.75,1.26,,,,,,,,7800000
6810,I,-0.0260,-0.0146,1.0155,4.00,-3.71,1.21,,,,,,,,7810000
6820,I,-0.0235,-0.0118,1.0158,4.00,-3.66,1.15,,,,,,,,7820000
6830,I,-0.0210,-0.0091,1.0161,4.00,-3.62,1.10,,,,,,,,7830000
6840,G,,,,,,,12.9715339,77.5944774,,44.4,9,,1710000006840,
6840,I,-0.0185,-0.0064,1.0164,4.00,-3.57,1.05,,,,,,,,7840000
6850,I,-0.0161,-0.0037,1.0167,4.00,-3.53,1.00,,,,,,,,7850000
6860,I,-0.0136,-0.0010,1.0170,3.99,-3.49,0.95,,,,,,,,7860000
6870,I,-0.0112,0.0016,1.0173,3.99,-3.44,0.90,,,,,,,,7870000
6880,I,-0.0089,0.0042,1.0175,3.99,-3.40,0.86,,,,,,,,7880000
6890,I,-0.0065,0.0068,1.0177,3.98,-3.35,0.81,,,,,,,,7890000
6900,I,-0.0042,0.0094,1.0180,3.98,-3.31,0.76,,,,,,,,7900000
6910,I,-0.0019,0.0119,1.0182,3.97,-3.26,0.72,,,,,,,,7910000
6920,I,0.0003,0.0144,1.0184,3.97,-3.21,0.67,,,,,,,,7920000
6930,I,0.0025,0.0169,1.0186,3.96,-3.17,0.63,,,,,,,,7930000
6940,I,0.0047,0.0193,1.0188,3.95,-3.12,0.58,,,,,,,,7940000
6950,I,0.0068,0.0217,1.0189,3.95,-3.08,0.54,,,,,,,,7950000
6960,G,,,,,,,12.9715662,77.5945383,,45.4,9,,1710000006960,
6960,I,0.0089,0.0241,1.0191,3.94,-3.03,0.50,,,,,,,,7960000
6970,I,0.0110,0.0264,1.0192,3.93,-2.99,0.45,,,,,,,,7970000
6980,I,0.0130,0.0287,1.0194,3.92,-2.94,0.41,,,,,,,,7980000
6990,I,0.0149,0.0310,1.0195,3.91,-2.89,0.37,,,,,,,,7990000
7000,I,0.0168,0.0333,1.0196,3.90,-2.85,0.33,,,,,,,,8000000
7010,I,0.0187,0.0355,1.0197,3.89,-2.80,0.29,,,,,,,,8010000
7020,I,0.0204,0.0377,1.0198,3.88,-2.75,0.24,,,,,,,,8020000
7030,I,0.0222,0.0398,1.0198,3.87,-2.71,0.20,,,,,,,,8030000
7040,I,0.0239,0.0419,1.0199,3.86,-2.66,0.16,,,,,,,,8040000
7050,I,0.0255,0.0440,1.0199,3.84,-2.61,0.12,,,,,,,,8050000
7060,I,0.0270,0.0460,1.0200,3.83,-2.57,0.08,,,,,,,,8060000
7070,I,0.0286,0.0480,1.0200,3.82,-2.52,0.04,,,,,,,,8070000
7080,G,,,,,,,12.9716000,77.5946000,,46.0,9,,1710000007080,
7080,I,0.0300,0.0500,1.0200,3.80,-2.47,0.02,,,,,,,,8080000
