timestamp,lat,lon,speed_kmh,sats,alt,acc_x,acc_y,acc_z,gyro_x,gyro_y,gyro_z
162033.80,10.002143,76.379265,0.06,12,0,1.234567,-0.456789,9.806650,0.123456,-0.789012,0.456789
162034.10,10.002143,76.379265,0.06,12,0,1.234567,-0.456789,9.806650,0.123456,-0.789012,0.456789
162034.20,10.002143,76.379265,0.09,12,0,1.234567,-0.456789,9.806650,0.123456,-0.789012,0.456789
162034.30,10.002143,76.379265,0.24,12,0,1.234567,-0.456789,9.806650,0.123456,-0.789012,0.456789
162034.40,10.002143,76.379265,0.07,12,0,1.234567,-0.456789,9.806650,0.123456,-0.789012,0.456789
162034.50,10.002143,76.379265,0.23,12,0,1.234567,-0.456789,9.806650,0.123456,-0.789012,0.456789
162034.60,10.002143,76.379265,0.04,12,0,1.234567,-0.456789,9.806650,0.123456,-0.789012,0.456789
162034.70,10.002143,76.379265,0.17,12,0,1.234567,-0.456789,9.806650,0.123456,-0.789012,0.456789
162034.80,10.002143,76.379265,0.18,12,0,1.234567,-0.456789,9.806650,0.123456,-0.789012,0.456789
162034.90,10.002143,76.379265,0.27,12,0,1.234567,-0.456789,9.806650,0.123456,-0.789012,0.456789
162035.00,10.002143,76.379265,0.04,12,0,1.234567,-0.456789,9.806650,0.123456,-0.789012,0.456789
162035.10,10.002143,76.379265,0.23,12,0,1.234567,-0.456789,9.806650,0.123456,-0.789012,0.456789
162035.20,10.002143,76.379265,0.11,12,0,1.234567,-0.456789,9.806650,0.123456,-0.789012,0.456789
162035.30,10.002143,76.379265,0.17,12,0,1.234567,-0.456789,9.806650,0.123456,-0.789012,0.456789
162035.40,10.002143,76.379265,0.24,12,0,1.234567,-0.456789,9.806650,0.123456,-0.789012,0.456789
162035.50,10.002143,76.379265,0.27,12,0,1.234567,-0.456789,9.806650,0.123456,-0.789012,0.456789
162035.60,10.002143,76.379265,0.31,12,0,1.234567,-0.456789,9.806650,0.123456,-0.789012,0.456789
162035.70,10.002143,76.379265,0.28,12,0,1.234567,-0.456789,9.806650,0.123456,-0.789012,0.456789
162035.80,10.002143,76.379265,0.14,12,0,1.234567,-0.456789,9.806650,0.123456,-0.789012,0.456789
162035.90,10.002143,76.379265,0.06,12,0,1.234567,-0.456789,9.806650,0.123456,-0.789012,0.456789
162036.00,10.002143,76.379265,0.15,12,0,1.234567,-0.456789,9.806650,0.123456,-0.789012,0.456789
162036.10,10.002143,76.379265,0.16,12,0,1.234567,-0.456789,9.806650,0.123456,-0.789012,0.456789
162036.20,10.002143,76.379265,0.13,12,0,1.234567,-0.456789,9.806650,0.123456,-0.789012,0.456789
162036.30,10.002143,76.379265,0.09,12,0,1.234567,-0.456789,9.806650,0.123456,-0.789012,0.456789
162036.40,10.002143,76.379265,0.11,12,0,1.234567,-0.456789,9.806650,0.123456,-0.789012,0.456789
162036.50,10.002143,76.379265,0.22,12,0,1.234567,-0.456789,9.806650,0.123456,-0.789012,0.456789
162036.60,10.002142,76.379265,0.12,12,0,1.234567,-0.456789,9.806650,0.123456,-0.789012,0.456789
162036.70,10.002142,76.379265,0.20,12,0,1.234567,-0.456789,9.806650,0.123456,-0.789012,0.456789
162036.80,10.002142,76.379265,0.34,12,0,1.234567,-0.456789,9.806650,0.123456,-0.789012,0.456789
162036.90,10.002142,76.379265,0.06,12,0,1.234567,-0.456789,9.806650,0.123456,-0.789012,0.456789
162037.00,10.002142,76.379265,0.06,12,0,1.234567,-0.456789,9.806650,0.123456,-0.789012,0.456789
162037.10,10.002142,76.379265,0.06,12,0,1.234567,-0.456789,9.806650,0.123456,-0.789012,0.456789
162037.20,10.002142,76.379265,0.02,12,0,1.234567,-0.456789,9.806650,0.123456,-0.789012,0.456789
162037.30,10.002142,76.379265,0.15,12,0,1.234567,-0.456789,9.806650,0.123456,-0.789012,0.456789
162037.40,10.002142,76.379265,0.17,12,0,1.234567,-0.456789,9.806650,0.123456,-0.789012,0.456789
162037.50,10.002142,76.379265,0.26,12,0,1.234567,-0.456789,9.806650,0.123456,-0.789012,0.456789
162037.60,10.002142,76.379265,0.08,12,0,1.234567,-0.456789,9.806650,0.123456,-0.789012,0.456789
162037.70,10.002142,76.379265,0.07,12,0,1.234567,-0.456789,9.806650,0.123456,-0.789012,0.456789
162037.80,10.002142,76.379265,0.12,12,0,1.234567,-0.456789,9.806650,0.123456,-0.789012,0.456789
162037.90,10.002142,76.379265,0.08,12,0,1.234567,-0.456789,9.806650,0.123456,-0.789012,0.456789
162038.10,10.002142,76.379265,0.09,12,0,1.234567,-0.456789,9.806650,0.123456,-0.789012,0.456789
162038.20,10.002142,76.379265,0.13,12,0,1.234567,-0.456789,9.806650,0.123456,-0.789012,0.456789
162038.30,10.002142,76.379265,0.06,12,0,1.234567,-0.456789,9.806650,0.123456,-0.789012,0.456789
162038.40,10.002142,76.379265,0.24,12,0,1.234567,-0.456789,9.806650,0.123456,-0.789012,0.456789
162038.50,10.002142,76.379265,0.11,12,0,1.234567,-0.456789,9.806650,0.123456,-0.789012,0.456789
162038.60,10.002142,76.379265,0.17,12,0,1.234567,-0.456789,9.806650,0.123456,-0.789012,0.456789
162038.70,10.002142,76.379265,0.15,12,0,1.234567,-0.456789,9.806650,0.123456,-0.789012,0.456789
162038.80,10.002142,76.379265,0.15,12,0,1.234567,-0.456789,9.806650,0.123456,-0.789012,0.456789
162038.90,10.002142,76.379265,0.10,12,0,1.234567,-0.456789,9.806650,0.123456,-0.789012,0.456789
162039.00,10.002142,76.379265,0.13,12,0,1.234567,-0.456789,9.806650,0.123456,-0.789012,0.456789
162039.10,10.002142,76.379265,0.12,12,0,1.234567,-0.456789,9.806650,0.123456,-0.789012,0.456789
162039.20,10.002142,76.379265,0.11,12,0,1.234567,-0.456789,9.806650,0.123456,-0.789012,0.456789
162039.30,10.002142,76.379265,0.08,12,0,1.234567,-0.456789,9.806650,0.123456,-0.789012,0.456789
162039.40,10.002142,76.379265,0.21,12,0,1.234567,-0.456789,9.806650,0.123456,-0.789012,0.456789
162039.50,10.002142,76.379265,0.15,12,0,1.234567,-0.456789,9.806650,0.123456,-0.789012,0.456789
162039.60,10.002142,76.379265,0.23,12,0,1.234567,-0.456789,9.806650,0.123456,-0.789012,0.456789
162039.70,10.002141,76.379265,0.15,12,0,1.234567,-0.456789,9.806650,0.123456,-0.789012,0.456789
162039.80,10.002141,76.379265,0.21,12,0,1.234567,-0.456789,9.806650,0.123456,-0.789012,0.456789
162039.90,10.002141,76.379265,0.15,12,0,1.234567,-0.456789,9.806650,0.123456,-0.789012,0.456789
162040.00,10.002141,76.379265,0.13,12,0,1.234567,-0.456789,9.806650,0.123456,-0.789012,0.456789
162040.20,10.002141,76.379265,0.17,12,0,1.234567,-0.456789,9.806650,0.123456,-0.789012,0.456789
162040.30,10.002142,76.379265,0.21,12,0,1.234567,-0.456789,9.806650,0.123456,-0.789012,0.456789
162040.40,10.002142,76.379265,0.12,12,0,1.234567,-0.456789,9.806650,0.123456,-0.789012,0.456789
162040.50,10.002142,76.379265,0.18,12,0,1.234567,-0.456789,9.806650,0.123456,-0.789012,0.456789
162040.60,10.002142,76.379265,0.14,12,0,1.234567,-0.456789,9.806650,0.123456,-0.789012,0.456789
162040.70,10.002141,76.379265,0.07,12,0,1.234567,-0.456789,9.806650,0.123456,-0.789012,0.456789
162040.80,10.002142,76.379265,0.06,12,0,1.234567,-0.456789,9.806650,0.123456,-0.789012,0.456789
162040.90,10.002142,76.379265,0.14,12,0,1.234567,-0.456789,9.806650,0.123456,-0.789012,0.456789
162041.00,10.002142,76.379265,0.41,12,0,1.234567,-0.456789,9.806650,0.123456,-0.789012,0.456789
162041.20,10.002142,76.379265,0.35,12,0,1.234567,-0.456789,9.806650,0.123456,-0.789012,0.456789
162041.30,10.002142,76.379265,0.05,12,0,1.234567,-0.456789,9.806650,0.123456,-0.789012,0.456789
162041.40,10.002142,76.379265,0.18,12,0,1.234567,-0.456789,9.806650,0.123456,-0.789012,0.456789
162041.50,10.002142,76.379265,0.21,12,0,1.234567,-0.456789,9.806650,0.123456,-0.789012,0.456789
162041.60,10.002142,76.379265,0.27,12,0,1.234567,-0.456789,9.806650,0.123456,-0.789012,0.456789
162041.70,10.002142,76.379265,0.07,12,0,1.234567,-0.456789,9.806650,0.123456,-0.789012,0.456789
162041.80,10.002142,76.379265,0.19,12,0,1.234567,-0.456789,9.806650,0.123456,-0.789012,0.456789
162041.90,10.002142,76.379265,0.18,12,0,1.234567,-0.456789,9.806650,0.123456,-0.789012,0.456789
162042.00,10.002142,76.379265,0.27,12,0,1.234567,-0.456789,9.806650,0.123456,-0.789012,0.456789
162042.10,10.002142,76.379265,0.15,12,0,1.234567,-0.456789,9.806650,0.123456,-0.789012,0.456789
162042.20,10.002142,76.379265,0.16,12,0,1.234567,-0.456789,9.806650,0.123456,-0.789012,0.456789
162042.30,10.002142,76.379265,0.24,12,0,1.234567,-0.456789,9.806650,0.123456,-0.789012,0.456789
162042.40,10.002142,76.379265,0.12,12,0,1.234567,-0.456789,9.806650,0.123456,-0.789012,0.456789
162042.50,10.002142,76.379265,0.04,12,0,1.234567,-0.456789,9.806650,0.123456,-0.789012,0.456789
162042.60,10.002142,76.379265,0.06,12,0,1.234567,-0.456789,9.806650,0.123456,-0.789012,0.456789
162042.70,10.002142,76.379265,0.20,12,0,1.234567,-0.456789,9.806650,0.123456,-0.789012,0.456789
162042.80,10.002142,76.379265,0.14,12,0,1.234567,-0.456789,9.806650,0.123456,-0.789012,0.456789
162042.90,10.002142,76.379265,0.28,12,0,1.234567,-0.456789,9.806650,0.123456,-0.789012,0.456789
162043.00,10.002142,76.379265,0.11,12,0,1.234567,-0.456789,9.806650,0.123456,-0.789012,0.456789
162043.10,10.002142,76.379265,0.19,12,0,1.234567,-0.456789,9.806650,0.123456,-0.789012,0.456789
162043.20,10.002142,76.379265,0.08,12,0,1.234567,-0.456789,9.806650,0.123456,-0.789012,0.456789
162043.30,10.002142,76.379265,0.12,12,0,1.234567,-0.456789,9.806650,0.123456,-0.789012,0.456789
162043.40,10.002142,76.379265,0.09,12,0,1.234567,-0.456789,9.806650,0.123456,-0.789012,0.456789
162043.50,10.002142,76.379265,0.30,12,0,1.234567,-0.456789,9.806650,0.123456,-0.789012,0.456789
162043.60,10.002142,76.379265,0.14,12,0,1.234567,-0.456789,9.806650,0.123456,-0.789012,0.456789
162043.70,10.002142,76.379265,0.23,12,0,1.234567,-0.456789,9.806650,0.123456,-0.789012,0.456789
162043.80,10.002142,76.379265,0.13,12,0,1.234567,-0.456789,9.806650,0.123456,-0.789012,0.456789
162043.90,10.002142,76.379265,0.18,12,0,1.234567,-0.456789,9.806650,0.123456,-0.789012,0.456789
162044.00,10.002142,76.379265,0.03,12,0,1.234567,-0.456789,9.806650,0.123456,-0.789012,0.456789
162044.10,10.002142,76.379265,0.15,12,0,1.234567,-0.456789,9.806650,0.123456,-0.789012,0.456789
162044.20,10.002142,76.379265,0.21,12,0,1.234567,-0.456789,9.806650,0.123456,-0.789012,0.456789
162044.30,10.002142,76.379265,0.03,12,0,1.234567,-0.456789,9.806650,0.123456,-0.789012,0.456789
162044.40,10.002142,76.379265,0.17,12,0,1.234567,-0.456789,9.806650,0.123456,-0.789012,0.456789
162044.50,10.002142,76.379265,0.20,12,0,1.234567,-0.456789,9.806650,0.123456,-0.789012,0.456789
162044.60,10.002142,76.379265,0.16,12,0,1.234567,-0.456789,9.806650,0.123456,-0.789012,0.456789
162044.70,10.002142,76.379265,0.11,12,0,1.234567,-0.456789,9.806650,0.123456,-0.789012,0.456789
162044.80,10.002142,76.379265,0.14,12,0,1.234567,-0.456789,9.806650,0.123456,-0.789012,0.456789
162044.90,10.002142,76.379265,0.05,12,0,1.234567,-0.456789,9.806650,0.123456,-0.789012,0.456789
162045.00,10.002142,76.379265,0.14,12,0,1.234567,-0.456789,9.806650,0.123456,-0.789012,0.456789
162045.10,10.002142,76.379265,0.06,12,0,1.234567,-0.456789,9.806650,0.123456,-0.789012,0.456789
162045.20,10.002142,76.379265,0.29,12,0,1.234567,-0.456789,9.806650,0.123456,-0.789012,0.456789
162045.30,10.002142,76.379265,0.14,12,0,1.234567,-0.456789,9.806650,0.123456,-0.789012,0.456789
162045.40,10.002142,76.379265,0.15,12,0,1.234567,-0.456789,9.806650,0.123456,-0.789012,0.456789
162045.50,10.002142,76.379265,0.24,12,0,1.234567,-0.456789,9.806650,0.123456,-0.789012,0.456789
162045.60,10.002142,76.379265,0.13,12,0,1.234567,-0.456789,9.806650,0.123456,-0.789012,0.456789
162045.70,10.002143,76.379265,0.31,12,0,1.234567,-0.456789,9.806650,0.123456,-0.789012,0.456789
162045.80,10.002143,76.379257,0.14,12,0,1.234567,-0.456789,9.806650,0.123456,-0.789012,0.456789
162045.90,10.002143,76.379265,0.27,12,0,1.234567,-0.456789,9.806650,0.123456,-0.789012,0.456789
162046.00,10.002143,76.379257,0.08,12,0,1.234567,-0.456789,9.806650,0.123456,-0.789012,0.456789
162046.10,10.002143,76.379257,0.14,12,0,1.234567,-0.456789,9.806650,0.123456,-0.789012,0.456789
162046.20,10.002143,76.379257,0.11,12,0,1.234567,-0.456789,9.806650,0.123456,-0.789012,0.456789
162046.30,10.002143,76.379257,0.10,12,0,1.234567,-0.456789,9.806650,0.123456,-0.789012,0.456789
162046.40,10.002143,76.379257,0.10,12,0,1.234567,-0.456789,9.806650,0.123456,-0.789012,0.456789
162046.50,10.002143,76.379257,0.08,12,0,1.234567,-0.456789,9.806650,0.123456,-0.789012,0.456789
162046.60,10.002143,76.379257,0.06,12,0,1.234567,-0.456789,9.806650,0.123456,-0.789012,0.456789
162046.70,10.002143,76.379257,0.13,12,0,1.234567,-0.456789,9.806650,0.123456,-0.789012,0.456789
162046.80,10.002143,76.379257,0.07,12,0,1.234567,-0.456789,9.806650,0.123456,-0.789012,0.456789
162046.90,10.002143,76.379257,0.16,12,0,1.234567,-0.456789,9.806650,0.123456,-0.789012,0.456789
162047.00,10.002143,76.379257,0.20,12,0,1.234567,-0.456789,9.806650,0.123456,-0.789012,0.456789
162047.10,10.002143,76.379257,0.14,12,0,1.234567,-0.456789,9.806650,0.123456,-0.789012,0.456789
162047.20,10.002143,76.379257,0.11,12,0,1.234567,-0.456789,9.806650,0.123456,-0.789012,0.456789
162047.30,10.002143,76.379257,0.19,12,0,1.234567,-0.456789,9.806650,0.123456,-0.789012,0.456789
162047.40,10.002143,76.379257,0.08,12,0,1.234567,-0.456789,9.806650,0.123456,-0.789012,0.456789
162047.50,10.002143,76.379257,0.11,12,0,1.234567,-0.456789,9.806650,0.123456,-0.789012,0.456789
162047.60,10.002143,76.379257,0.09,12,0,1.234567,-0.456789,9.806650,0.123456,-0.789012,0.456789
162047.70,10.002143,76.379257,0.08,12,0,1.234567,-0.456789,9.806650,0.123456,-0.789012,0.456789
162047.80,10.002143,76.379257,0.21,12,0,1.234567,-0.456789,9.806650,0.123456,-0.789012,0.456789
162047.90,10.002143,76.379257,0.03,12,0,1.234567,-0.456789,9.806650,0.123456,-0.789012,0.456789
162048.00,10.002143,76.379257,0.12,12,0,1.234567,-0.456789,9.806650,0.123456,-0.789012,0.456789
162048.10,10.002143,76.379257,0.15,12,0,1.234567,-0.456789,9.806650,0.123456,-0.789012,0.456789
162048.20,10.002143,76.379257,0.22,12,0,1.234567,-0.456789,9.806650,0.123456,-0.789012,0.456789
162048.30,10.002143,76.379257,0.23,12,0,1.234567,-0.456789,9.806650,0.123456,-0.789012,0.456789
162048.40,10.002143,76.379257,0.08,12,0,1.234567,-0.456789,9.806650,0.123456,-0.789012,0.456789
162048.50,10.002143,76.379257,0.11,12,0,1.234567,-0.456789,9.806650,0.123456,-0.789012,0.456789
162048.60,10.002143,76.379257,0.20,12,0,1.234567,-0.456789,9.806650,0.123456,-0.789012,0.456789
162048.70,10.002143,76.379257,0.32,12,0,1.234567,-0.456789,9.806650,0.123456,-0.789012,0.456789
162048.80,10.002143,76.379257,0.19,12,0,1.234567,-0.456789,9.806650,0.123456,-0.789012,0.456789
162048.90,10.002143,76.379257,0.06,12,0,1.234567,-0.456789,9.806650,0.123456,-0.789012,0.456789
162049.00,10.002143,76.379257,0.02,12,0,1.234567,-0.456789,9.806650,0.123456,-0.789012,0.456789
162049.10,10.002143,76.379257,0.16,12,0,1.234567,-0.456789,9.806650,0.123456,-0.789012,0.456789
162049.20,10.002143,76.379257,0.22,12,0,1.234567,-0.456789,9.806650,0.123456,-0.789012,0.456789
162049.30,10.002143,76.379257,0.21,12,0,1.234567,-0.456789,9.806650,0.123456,-0.789012,0.456789
162049.40,10.002143,76.379257,0.20,12,0,1.234567,-0.456789,9.806650,0.123456,-0.789012,0.456789
162049.50,10.002143,76.379257,0.16,12,0,1.234567,-0.456789,9.806650,0.123456,-0.789012,0.456789
162049.60,10.002143,76.379257,0.11,12,0,1.234567,-0.456789,9.806650,0.123456,-0.789012,0.456789
162049.70,10.002143,76.379257,0.05,12,0,1.234567,-0.456789,9.806650,0.123456,-0.789012,0.456789
162049.80,10.002143,76.379257,0.13,12,0,1.234567,-0.456789,9.806650,0.123456,-0.789012,0.456789
162049.90,10.002143,76.379257,0.03,12,0,1.234567,-0.456789,9.806650,0.123456,-0.789012,0.456789
162050.00,10.002143,76.379257,0.29,12,0,1.234567,-0.456789,9.806650,0.123456,-0.789012,0.456789
162050.10,10.002143,76.379257,0.17,12,0,1.234567,-0.456789,9.806650,0.123456,-0.789012,0.456789
162050.20,10.002143,76.379257,0.22,12,0,1.234567,-0.456789,9.806650,0.123456,-0.789012,0.456789
162050.30,10.002143,76.379257,0.38,12,0,1.234567,-0.456789,9.806650,0.123456,-0.789012,0.456789
162050.40,10.002143,76.379257,0.22,12,0,1.234567,-0.456789,9.806650,0.123456,-0.789012,0.456789
162050.50,10.002143,76.379257,0.13,12,0,1.234567,-0.456789,9.806650,0.123456,-0.789012,0.456789
162050.60,10.002143,76.379257,0.08,12,0,1.234567,-0.456789,9.806650,0.123456,-0.789012,0.456789
162050.70,10.002143,76.379257,0.18,12,0,1.234567,-0.456789,9.806650,0.123456,-0.789012,0.456789
162050.80,10.002143,76.379257,0.04,12,0,1.234567,-0.456789,9.806650,0.123456,-0.789012,0.456789
162050.90,10.002143,76.379257,0.16,12,0,1.234567,-0.456789,9.806650,0.123456,-0.789012,0.456789
162051.00,10.002143,76.379257,0.07,12,0,1.234567,-0.456789,9.806650,0.123456,-0.789012,0.456789
162051.10,10.002143,76.379257,0.06,12,0,1.234567,-0.456789,9.806650,0.123456,-0.789012,0.456789
162051.20,10.002143,76.379257,0.18,12,0,1.234567,-0.456789,9.806650,0.123456,-0.789012,0.456789
162051.30,10.002143,76.379257,0.11,12,0,1.234567,-0.456789,9.806650,0.123456,-0.789012,0.456789
162051.40,10.002143,76.379257,0.12,12,0,1.234567,-0.456789,9.806650,0.123456,-0.789012,0.456789
162051.50,10.002143,76.379257,0.27,12,0,1.234567,-0.456789,9.806650,0.123456,-0.789012,0.456789
162051.60,10.002143,76.379257,0.16,12,0,1.234567,-0.456789,9.806650,0.123456,-0.789012,0.456789
162051.70,10.002143,76.379257,0.19,12,0,1.234567,-0.456789,9.806650,0.123456,-0.789012,0.456789
162051.80,10.002143,76.379257,0.26,12,0,1.234567,-0.456789,9.806650,0.123456,-0.789012,0.456789
162051.90,10.002143,76.379257,0.25,12,0,1.234567,-0.456789,9.806650,0.123456,-0.789012,0.456789
162052.00,10.002143,76.379257,0.12,12,0,1.234567,-0.456789,9.806650,0.123456,-0.789012,0.456789
162052.10,10.002143,76.379257,0.07,12,0,1.234567,-0.456789,9.806650,0.123456,-0.789012,0.456789
162052.20,10.002143,76.379257,0.09,12,0,1.234567,-0.456789,9.806650,0.123456,-0.789012,0.456789
162052.30,10.002143,76.379257,0.19,12,0,1.234567,-0.456789,9.806650,0.123456,-0.789012,0.456789
162052.40,10.002143,76.379257,0.11,12,0,1.234567,-0.456789,9.806650,0.123456,-0.789012,0.456789
162052.50,10.002143,76.379257,0.21,12,0,1.234567,-0.456789,9.806650,0.123456,-0.789012,0.456789
162052.60,10.002143,76.379257,0.11,12,0,1.234567,-0.456789,9.806650,0.123456,-0.789012,0.456789
162052.70,10.002143,76.379257,0.11,12,0,1.234567,-0.456789,9.806650,0.123456,-0.789012,0.456789
162052.80,10.002143,76.379257,0.08,12,0,1.234567,-0.456789,9.806650,0.123456,-0.789012,0.456789
162052.90,10.002142,76.379257,0.34,12,0,1.234567,-0.456789,9.806650,0.123456,-0.789012,0.456789
162053.00,10.002142,76.379257,0.20,12,0,1.234567,-0.456789,9.806650,0.123456,-0.789012,0.456789
162053.10,10.002142,76.379257,0.16,12,0,1.234567,-0.456789,9.806650,0.123456,-0.789012,0.456789
162053.20,10.002142,76.379257,0.26,12,0,1.234567,-0.456789,9.806650,0.123456,-0.789012,0.456789
162053.30,10.002142,76.379250,0.18,12,0,1.234567,-0.456789,9.806650,0.123456,-0.789012,0.456789
162053.40,10.002142,76.379250,0.08,12,0,1.234567,-0.456789,9.806650,0.123456,-0.789012,0.456789
162053.50,10.002142,76.379250,0.32,12,0,1.234567,-0.456789,9.806650,0.123456,-0.789012,0.456789
162053.60,10.002142,76.379250,0.29,12,0,1.234567,-0.456789,9.806650,0.123456,-0.789012,0.456789
162053.70,10.002142,76.379250,0.27,12,0,1.234567,-0.456789,9.806650,0.123456,-0.789012,0.456789
162053.80,10.002142,76.379250,0.01,12,0,1.234567,-0.456789,9.806650,0.123456,-0.789012,0.456789
162053.90,10.002142,76.379250,0.35,12,0,1.234567,-0.456789,9.806650,0.123456,-0.789012,0.456789
162054.00,10.002142,76.379250,0.10,12,0,1.234567,-0.456789,9.806650,0.123456,-0.789012,0.456789
162054.10,10.002142,76.379250,0.14,12,0,1.234567,-0.456789,9.806650,0.123456,-0.789012,0.456789
162054.20,10.002142,76.379250,0.32,12,0,1.234567,-0.456789,9.806650,0.123456,-0.789012,0.456789
162054.30,10.002142,76.379250,0.01,12,0,1.234567,-0.456789,9.806650,0.123456,-0.789012,0.456789
162054.40,10.002142,76.379250,0.27,12,0,1.234567,-0.456789,9.806650,0.123456,-0.789012,0.456789
162054.50,10.002142,76.379250,0.24,12,0,1.234567,-0.456789,9.806650,0.123456,-0.789012,0.456789
162054.60,10.002142,76.379250,0.19,12,0,1.234567,-0.456789,9.806650,0.123456,-0.789012,0.456789
162054.70,10.002142,76.379250,0.24,12,0,1.234567,-0.456789,9.806650,0.123456,-0.789012,0.456789
162054.80,10.002142,76.379250,0.11,12,0,1.234567,-0.456789,9.806650,0.123456,-0.789012,0.456789
162054.90,10.002142,76.379250,0.12,12,0,1.234567,-0.456789,9.806650,0.123456,-0.789012,0.456789
162055.00,10.002142,76.379250,0.11,12,0,1.234567,-0.456789,9.806650,0.123456,-0.789012,0.456789
162055.10,10.002142,76.379250,0.20,12,0,1.234567,-0.456789,9.806650,0.123456,-0.789012,0.456789
162055.20,10.002142,76.379250,0.29,12,0,1.234567,-0.456789,9.806650,0.123456,-0.789012,0.456789
162055.30,10.002142,76.379250,0.20,12,0,1.234567,-0.456789,9.806650,0.123456,-0.789012,0.456789
162055.40,10.002142,76.379250,0.19,12,0,1.234567,-0.456789,9.806650,0.123456,-0.789012,0.456789
162055.50,10.002142,76.379250,0.02,12,0,1.234567,-0.456789,9.806650,0.123456,-0.789012,0.456789
162055.60,10.002142,76.379250,0.09,12,0,1.234567,-0.456789,9.806650,0.123456,-0.789012,0.456789
162055.70,10.002142,76.379250,0.10,12,0,1.234567,-0.456789,9.806650,0.123456,-0.789012,0.456789
162055.80,10.002142,76.379250,0.17,12,0,1.234567,-0.456789,9.806650,0.123456,-0.789012,0.456789
162055.90,10.002142,76.379250,0.05,12,0,1.234567,-0.456789,9.806650,0.123456,-0.789012,0.456789
162056.00,10.002142,76.379250,0.13,12,0,1.234567,-0.456789,9.806650,0.123456,-0.789012,0.456789
162056.10,10.002142,76.379250,0.11,12,0,1.234567,-0.456789,9.806650,0.123456,-0.789012,0.456789
162056.20,10.002142,76.379250,0.17,12,0,1.234567,-0.456789,9.806650,0.123456,-0.789012,0.456789
162056.30,10.002142,76.379250,0.11,12,0,1.234567,-0.456789,9.806650,0.123456,-0.789012,0.456789
162056.40,10.002142,76.379250,0.02,12,0,1.234567,-0.456789,9.806650,0.123456,-0.789012,0.456789
162056.50,10.002142,76.379250,0.27,12,0,1.234567,-0.456789,9.806650,0.123456,-0.789012,0.456789
162056.60,10.002142,76.379250,0.04,12,0,1.234567,-0.456789,9.806650,0.123456,-0.789012,0.456789
162056.70,10.002142,76.379250,0.18,12,0,1.234567,-0.456789,9.806650,0.123456,-0.789012,0.456789
162056.80,10.002142,76.379250,0.22,12,0,1.234567,-0.456789,9.806650,0.123456,-0.789012,0.456789
162056.90,10.002142,76.379250,0.16,12,0,1.234567,-0.456789,9.806650,0.123456,-0.789012,0.456789
162057.00,10.002142,76.379250,0.17,12,0,1.234567,-0.456789,9.806650,0.123456,-0.789012,0.456789
162057.10,10.002142,76.379250,0.10,12,0,1.234567,-0.456789,9.806650,0.123456,-0.789012,0.456789
162057.20,10.002142,76.379250,0.18,12,0,1.234567,-0.456789,9.806650,0.123456,-0.789012,0.456789
162057.30,10.002142,76.379250,0.14,12,0,1.234567,-0.456789,9.806650,0.123456,-0.789012,0.456789
162057.40,10.002142,76.379250,0.13,12,0,1.234567,-0.456789,9.806650,0.123456,-0.789012,0.456789
162057.50,10.002142,76.379250,0.15,12,0,1.234567,-0.456789,9.806650,0.123456,-0.789012,0.456789
162057.60,10.002142,76.379250,0.21,12,0,1.234567,-0.456789,9.806650,0.123456,-0.789012,0.456789
162057.70,10.002142,76.379250,0.45,12,0,1.234567,-0.456789,9.806650,0.123456,-0.789012,0.456789
162057.80,10.002142,76.379250,0.13,12,0,1.234567,-0.456789,9.806650,0.123456,-0.789012,0.456789
162057.90,10.002142,76.379250,0.09,12,0,1.234567,-0.456789,9.806650,0.123456,-0.789012,0.456789
162058.00,10.002142,76.379250,0.11,12,0,1.234567,-0.456789,9.806650,0.123456,-0.789012,0.456789
162058.10,10.002142,76.379250,0.06,12,0,1.234567,-0.456789,9.806650,0.123456,-0.789012,0.456789
162058.20,10.002142,76.379250,0.11,12,0,1.234567,-0.456789,9.806650,0.123456,-0.789012,0.456789
162058.30,10.002142,76.379250,0.19,12,0,1.234567,-0.456789,9.806650,0.123456,-0.789012,0.456789
162058.40,10.002142,76.379250,0.07,12,0,1.234567,-0.456789,9.806650,0.123456,-0.789012,0.456789
162058.50,10.002142,76.379250,0.12,12,0,1.234567,-0.456789,9.806650,0.123456,-0.789012,0.456789
162058.60,10.002142,76.379250,0.23,12,0,1.234567,-0.456789,9.806650,0.123456,-0.789012,0.456789
162058.70,10.002142,76.379250,0.12,12,0,1.234567,-0.456789,9.806650,0.123456,-0.789012,0.456789
162058.80,10.002142,76.379250,0.10,12,0,1.234567,-0.456789,9.806650,0.123456,-0.789012,0.456789
162058.90,10.002142,76.379250,0.20,12,0,1.234567,-0.456789,9.806650,0.123456,-0.789012,0.456789
162059.00,10.002142,76.379250,0.19,12,0,1.234567,-0.456789,9.806650,0.123456,-0.789012,0.456789
162059.10,10.002142,76.379250,0.23,12,0,1.234567,-0.456789,9.806650,0.123456,-0.789012,0.456789
162059.20,10.002142,76.379250,0.10,12,0,1.234567,-0.456789,9.806650,0.123456,-0.789012,0.456789
162059.30,10.002142,76.379250,0.21,12,0,1.234567,-0.456789,9.806650,0.123456,-0.789012,0.456789
162059.40,10.002142,76.379250,0.26,12,0,1.234567,-0.456789,9.806650,0.123456,-0.789012,0.456789
162059.50,10.002142,76.379250,0.11,12,0,1.234567,-0.456789,9.806650,0.123456,-0.789012,0.456789
162059.60,10.002142,76.379250,0.01,12,0,1.234567,-0.456789,9.806650,0.123456,-0.789012,0.456789
162059.70,10.002142,76.379250,0.12,12,0,1.234567,-0.456789,9.806650,0.123456,-0.789012,0.456789
162059.80,10.002142,76.379250,0.09,12,0,1.234567,-0.456789,9.806650,0.123456,-0.789012,0.456789
162059.90,10.002142,76.379250,0.07,12,0,1.234567,-0.456789,9.806650,0.123456,-0.789012,0.456789
162100.00,10.002142,76.379250,0.21,12,0,1.234567,-0.456789,9.806650,0.123456,-0.789012,0.456789
162100.10,10.002142,76.379250,0.13,12,0,1.234567,-0.456789,9.806650,0.123456,-0.789012,0.456789
162100.20,10.002142,76.379250,0.11,12,0,1.234567,-0.456789,9.806650,0.123456,-0.789012,0.456789
162100.30,10.002142,76.379250,0.11,12,0,1.234567,-0.456789,9.806650,0.123456,-0.789012,0.456789
162100.40,10.002142,76.379250,0.14,12,0,1.234567,-0.456789,9.806650,0.123456,-0.789012,0.456789
162100.50,10.002142,76.379250,0.14,12,0,1.234567,-0.456789,9.806650,0.123456,-0.789012,0.456789
162100.60,10.002142,76.379250,0.31,12,0,1.234567,-0.456789,9.806650,0.123456,-0.789012,0.456789
162100.70,10.002142,76.379250,0.15,12,0,1.234567,-0.456789,9.806650,0.123456,-0.789012,0.456789
162100.80,10.002142,76.379250,0.22,12,0,1.234567,-0.456789,9.806650,0.123456,-0.789012,0.456789
162100.90,10.002141,76.379250,0.30,12,0,1.234567,-0.456789,9.806650,0.123456,-0.789012,0.456789
162101.00,10.002141,76.379250,0.27,12,0,1.234567,-0.456789,9.806650,0.123456,-0.789012,0.456789
162101.10,10.002141,76.379250,0.14,12,0,1.234567,-0.456789,9.806650,0.123456,-0.789012,0.456789
162101.20,10.002141,76.379250,0.08,12,0,1.234567,-0.456789,9.806650,0.123456,-0.789012,0.456789
162101.30,10.002141,76.379250,0.26,12,0,1.234567,-0.456789,9.806650,0.123456,-0.789012,0.456789
162101.40,10.002141,76.379250,0.15,12,0,1.234567,-0.456789,9.806650,0.123456,-0.789012,0.456789
162101.50,10.002141,76.379250,0.04,12,0,1.234567,-0.456789,9.806650,0.123456,-0.789012,0.456789
162101.60,10.002141,76.379250,0.31,12,0,1.234567,-0.456789,9.806650,0.123456,-0.789012,0.456789
162101.70,10.002141,76.379250,0.25,12,0,1.234567,-0.456789,9.806650,0.123456,-0.789012,0.456789
162101.80,10.002141,76.379250,0.08,12,0,1.234567,-0.456789,9.806650,0.123456,-0.789012,0.456789
162101.90,10.002141,76.379250,0.10,12,0,1.234567,-0.456789,9.806650,0.123456,-0.789012,0.456789
162102.00,10.002141,76.379250,0.15,12,0,1.234567,-0.456789,9.806650,0.123456,-0.789012,0.456789
162102.10,10.002141,76.379250,0.04,12,0,1.234567,-0.456789,9.806650,0.123456,-0.789012,0.456789
162102.20,10.002141,76.379250,0.20,12,0,1.234567,-0.456789,9.806650,0.123456,-0.789012,0.456789
162102.30,10.002141,76.379250,0.06,12,0,1.234567,-0.456789,9.806650,0.123456,-0.789012,0.456789
162102.40,10.002141,76.379250,0.08,12,0,1.234567,-0.456789,9.806650,0.123456,-0.789012,0.456789
162102.50,10.002141,76.379250,0.13,12,0,1.234567,-0.456789,9.806650,0.123456,-0.789012,0.456789
162102.60,10.002141,76.379250,0.16,12,0,1.234567,-0.456789,9.806650,0.123456,-0.789012,0.456789
162102.70,10.002141,76.379250,0.13,12,0,1.234567,-0.456789,9.806650,0.123456,-0.789012,0.456789
162102.80,10.002141,76.379250,0.18,12,0,1.234567,-0.456789,9.806650,0.123456,-0.789012,0.456789
162102.90,10.002141,76.379250,0.24,12,0,1.234567,-0.456789,9.806650,0.123456,-0.789012,0.456789
162103.00,10.002141,76.379250,0.17,12,0,1.234567,-0.456789,9.806650,0.123456,-0.789012,0.456789
162103.10,10.002141,76.379250,0.04,12,0,1.234567,-0.456789,9.806650,0.123456,-0.789012,0.456789
162103.20,10.002141,76.379250,0.39,12,0,1.234567,-0.456789,9.806650,0.123456,-0.789012,0.456789
162103.30,10.002141,76.379250,0.28,12,0,1.234567,-0.456789,9.806650,0.123456,-0.789012,0.456789
162103.40,10.002141,76.379250,0.18,12,0,1.234567,-0.456789,9.806650,0.123456,-0.789012,0.456789
162103.50,10.002141,76.379250,0.20,12,0,1.234567,-0.456789,9.806650,0.123456,-0.789012,0.456789
162103.60,10.002141,76.379250,0.11,12,0,1.234567,-0.456789,9.806650,0.123456,-0.789012,0.456789
162103.70,10.002141,76.379250,0.21,12,0,1.234567,-0.456789,9.806650,0.123456,-0.789012,0.456789
162103.80,10.002141,76.379250,0.07,12,0,1.234567,-0.456789,9.806650,0.123456,-0.789012,0.456789
162103.90,10.002141,76.379250,0.29,12,0,1.234567,-0.456789,9.806650,0.123456,-0.789012,0.456789
162104.00,10.002141,76.379250,0.25,12,0,1.234567,-0.456789,9.806650,0.123456,-0.789012,0.456789
162104.10,10.002141,76.379250,0.23,12,0,1.234567,-0.456789,9.806650,0.123456,-0.789012,0.456789
162104.20,10.002141,76.379250,0.28,12,0,1.234567,-0.456789,9.806650,0.123456,-0.789012,0.456789
162104.30,10.002141,76.379250,0.11,12,0,1.234567,-0.456789,9.806650,0.123456,-0.789012,0.456789
162104.40,10.002141,76.379250,0.04,12,0,1.234567,-0.456789,9.806650,0.123456,-0.789012,0.456789
162104.50,10.002141,76.379250,0.23,12,0,1.234567,-0.456789,9.806650,0.123456,-0.789012,0.456789
162104.60,10.002141,76.379250,0.33,12,0,1.234567,-0.456789,9.806650,0.123456,-0.789012,0.456789
162104.70,10.002141,76.379250,0.15,12,0,1.234567,-0.456789,9.806650,0.123456,-0.789012,0.456789
162104.80,10.002141,76.379250,0.20,12,0,1.234567,-0.456789,9.806650,0.123456,-0.789012,0.456789
162104.90,10.002141,76.379250,0.11,12,0,1.234567,-0.456789,9.806650,0.123456,-0.789012,0.456789
162105.00,10.002141,76.379250,0.35,12,0,1.234567,-0.456789,9.806650,0.123456,-0.789012,0.456789
162105.10,10.002141,76.379250,0.41,12,0,1.234567,-0.456789,9.806650,0.123456,-0.789012,0.456789
162105.20,10.002142,76.379250,0.22,12,0,1.234567,-0.456789,9.806650,0.123456,-0.789012,0.456789
162105.30,10.002141,76.379250,0.13,12,0,1.234567,-0.456789,9.806650,0.123456,-0.789012,0.456789
162105.40,10.002142,76.379250,0.06,12,0,1.234567,-0.456789,9.806650,0.123456,-0.789012,0.456789
162105.50,10.002142,76.379250,0.23,12,0,1.234567,-0.456789,9.806650,0.123456,-0.789012,0.456789
162105.60,10.002142,76.379250,0.14,12,0,1.234567,-0.456789,9.806650,0.123456,-0.789012,0.456789
162105.70,10.002142,76.379250,0.02,12,0,1.234567,-0.456789,9.806650,0.123456,-0.789012,0.456789
162105.80,10.002142,76.379250,0.26,12,0,1.234567,-0.456789,9.806650,0.123456,-0.789012,0.456789
162105.90,10.002142,76.379250,0.10,12,0,1.234567,-0.456789,9.806650,0.123456,-0.789012,0.456789
162106.00,10.002142,76.379250,0.16,12,0,1.234567,-0.456789,9.806650,0.123456,-0.789012,0.456789
162106.10,10.002142,76.379250,0.12,12,0,1.234567,-0.456789,9.806650,0.123456,-0.789012,0.456789
162106.20,10.002142,76.379250,0.20,12,0,1.234567,-0.456789,9.806650,0.123456,-0.789012,0.456789
162106.30,10.002142,76.379250,0.10,12,0,1.234567,-0.456789,9.806650,0.123456,-0.789012,0.456789
162106.40,10.002142,76.379250,0.03,12,0,1.234567,-0.456789,9.806650,0.123456,-0.789012,0.456789
162106.50,10.002142,76.379250,0.14,12,0,1.234567,-0.456789,9.806650,0.123456,-0.789012,0.456789
162106.60,10.002142,76.379250,0.20,12,0,1.234567,-0.456789,9.806650,0.123456,-0.789012,0.456789
162106.70,10.002142,76.379250,0.27,12,0,1.234567,-0.456789,9.806650,0.123456,-0.789012,0.456789
162106.80,10.002142,76.379250,0.04,12,0,1.234567,-0.456789,9.806650,0.123456,-0.789012,0.456789
162106.90,10.002142,76.379250,0.14,12,0,1.234567,-0.456789,9.806650,0.123456,-0.789012,0.456789
162107.00,10.002142,76.379250,0.18,12,0,1.234567,-0.456789,9.806650,0.123456,-0.789012,0.456789
162107.10,10.002142,76.379250,0.34,12,0,1.234567,-0.456789,9.806650,0.123456,-0.789012,0.456789
162107.20,10.002142,76.379250,0.14,12,0,1.234567,-0.456789,9.806650,0.123456,-0.789012,0.456789
162107.30,10.002142,76.379250,0.21,12,0,1.234567,-0.456789,9.806650,0.123456,-0.789012,0.456789
162107.40,10.002142,76.379250,0.12,12,0,1.234567,-0.456789,9.806650,0.123456,-0.789012,0.456789
162107.50,10.002142,76.379250,0.21,12,0,1.234567,-0.456789,9.806650,0.123456,-0.789012,0.456789
162107.60,10.002142,76.379250,0.18,12,0,1.234567,-0.456789,9.806650,0.123456,-0.789012,0.456789
162107.70,10.002142,76.379250,0.14,12,0,1.234567,-0.456789,9.806650,0.123456,-0.789012,0.456789
162107.80,10.002142,76.379250,0.04,12,0,1.234567,-0.456789,9.806650,0.123456,-0.789012,0.456789
162107.90,10.002142,76.379250,0.13,12,0,1.234567,-0.456789,9.806650,0.123456,-0.789012,0.456789
162108.00,10.002142,76.379250,0.17,12,0,1.234567,-0.456789,9.806650,0.123456,-0.789012,0.456789
162108.10,10.002142,76.379250,0.17,12,0,1.234567,-0.456789,9.806650,0.123456,-0.789012,0.456789
162108.20,10.002142,76.379250,0.28,12,0,1.234567,-0.456789,9.806650,0.123456,-0.789012,0.456789
162108.30,10.002142,76.379250,0.19,12,0,1.234567,-0.456789,9.806650,0.123456,-0.789012,0.456789
162108.40,10.002142,76.379250,0.19,12,0,1.234567,-0.456789,9.806650,0.123456,-0.789012,0.456789
162108.50,10.002142,76.379250,0.21,12,0,1.234567,-0.456789,9.806650,0.123456,-0.789012,0.456789
162108.60,10.002142,76.379250,0.16,12,0,1.234567,-0.456789,9.806650,0.123456,-0.789012,0.456789
162108.70,10.002142,76.379250,0.09,12,0,1.234567,-0.456789,9.806650,0.123456,-0.789012,0.456789
162108.80,10.002142,76.379250,0.08,12,0,1.234567,-0.456789,9.806650,0.123456,-0.789012,0.456789
162108.90,10.002142,76.379250,0.15,12,0,1.234567,-0.456789,9.806650,0.123456,-0.789012,0.456789
162109.00,10.002142,76.379250,0.08,12,0,1.234567,-0.456789,9.806650,0.123456,-0.789012,0.456789
162109.10,10.002142,76.379250,0.08,12,0,1.234567,-0.456789,9.806650,0.123456,-0.789012,0.456789
162109.20,10.002142,76.379250,0.21,12,0,1.234567,-0.456789,9.806650,0.123456,-0.789012,0.456789
162109.30,10.002142,76.379250,0.07,12,0,1.234567,-0.456789,9.806650,0.123456,-0.789012,0.456789
162109.40,10.002142,76.379250,0.22,12,0,1.234567,-0.456789,9.806650,0.123456,-0.789012,0.456789
162109.50,10.002142,76.379250,0.39,12,0,1.234567,-0.456789,9.806650,0.123456,-0.789012,0.456789
162109.60,10.002142,76.379250,0.11,12,0,1.234567,-0.456789,9.806650,0.123456,-0.789012,0.456789
162109.70,10.002142,76.379250,0.20,12,0,1.234567,-0.456789,9.806650,0.123456,-0.789012,0.456789
162109.80,10.002142,76.379250,0.11,12,0,1.234567,-0.456789,9.806650,0.123456,-0.789012,0.456789
162109.90,10.002142,76.379250,0.07,12,0,1.234567,-0.456789,9.806650,0.123456,-0.789012,0.456789
162110.00,10.002142,76.379250,0.29,12,0,1.234567,-0.456789,9.806650,0.123456,-0.789012,0.456789
162110.10,10.002142,76.379250,0.17,12,0,1.234567,-0.456789,9.806650,0.123456,-0.789012,0.456789
162110.20,10.002141,76.379250,0.21,12,0,1.234567,-0.456789,9.806650,0.123456,-0.789012,0.456789
162110.30,10.002141,76.379250,0.19,12,0,1.234567,-0.456789,9.806650,0.123456,-0.789012,0.456789
162110.40,10.002141,76.379250,0.25,12,0,1.234567,-0.456789,9.806650,0.123456,-0.789012,0.456789
162110.50,10.002141,76.379250,0.21,12,0,1.234567,-0.456789,9.806650,0.123456,-0.789012,0.456789
162110.60,10.002141,76.379250,0.07,12,0,1.234567,-0.456789,9.806650,0.123456,-0.789012,0.456789
162110.70,10.002141,76.379250,0.10,12,0,1.234567,-0.456789,9.806650,0.123456,-0.789012,0.456789
162110.80,10.002141,76.379250,0.12,12,0,1.234567,-0.456789,9.806650,0.123456,-0.789012,0.456789
162110.90,10.002141,76.379250,0.25,12,0,1.234567,-0.456789,9.806650,0.123456,-0.789012,0.456789
162111.00,10.002141,76.379250,0.19,12,0,1.234567,-0.456789,9.806650,0.123456,-0.789012,0.456789
162111.10,10.002141,76.379250,0.10,12,0,1.234567,-0.456789,9.806650,0.123456,-0.789012,0.456789
162111.20,10.002141,76.379250,0.35,12,0,1.234567,-0.456789,9.806650,0.123456,-0.789012,0.456789
162111.30,10.002141,76.379250,0.08,12,0,1.234567,-0.456789,9.806650,0.123456,-0.789012,0.456789
162111.40,10.002141,76.379250,0.06,12,0,1.234567,-0.456789,9.806650,0.123456,-0.789012,0.456789
162111.50,10.002141,76.379250,0.16,12,0,1.234567,-0.456789,9.806650,0.123456,-0.789012,0.456789
162111.60,10.002141,76.379250,0.07,12,0,1.234567,-0.456789,9.806650,0.123456,-0.789012,0.456789
162111.70,10.002141,76.379250,0.01,12,0,1.234567,-0.456789,9.806650,0.123456,-0.789012,0.456789
162111.80,10.002141,76.379250,0.24,12,0,1.234567,-0.456789,9.806650,0.123456,-0.789012,0.456789
162111.90,10.002141,76.379250,0.13,12,0,1.234567,-0.456789,9.806650,0.123456,-0.789012,0.456789
162112.00,10.002141,76.379250,0.31,12,0,1.234567,-0.456789,9.806650,0.123456,-0.789012,0.456789
162112.10,10.002141,76.379250,0.24,12,0,1.234567,-0.456789,9.806650,0.123456,-0.789012,0.456789
162112.20,10.002141,76.379250,0.27,12,0,1.234567,-0.456789,9.806650,0.123456,-0.789012,0.456789
162112.30,10.002141,76.379250,0.07,12,0,1.234567,-0.456789,9.806650,0.123456,-0.789012,0.456789
162112.40,10.002141,76.379250,0.07,12,0,1.234567,-0.456789,9.806650,0.123456,-0.789012,0.456789
162112.50,10.002141,76.379250,0.25,12,0,1.234567,-0.456789,9.806650,0.123456,-0.789012,0.456789
162112.60,10.002141,76.379250,0.07,12,0,1.234567,-0.456789,9.806650,0.123456,-0.789012,0.456789
162112.70,10.002141,76.379250,0.06,12,0,1.234567,-0.456789,9.806650,0.123456,-0.789012,0.456789
162112.80,10.002141,76.379250,0.14,12,0,1.234567,-0.456789,9.806650,0.123456,-0.789012,0.456789
162112.90,10.002141,76.379250,0.37,12,0,1.234567,-0.456789,9.806650,0.123456,-0.789012,0.456789
162113.00,10.002141,76.379250,0.15,12,0,1.234567,-0.456789,9.806650,0.123456,-0.789012,0.456789
162113.10,10.002141,76.379250,0.11,12,0,1.234567,-0.456789,9.806650,0.123456,-0.789012,0.456789
162113.20,10.002141,76.379250,0.12,12,0,1.234567,-0.456789,9.806650,0.123456,-0.789012,0.456789
162113.30,10.002141,76.379250,0.36,12,0,1.234567,-0.456789,9.806650,0.123456,-0.789012,0.456789
162113.40,10.002141,76.379250,0.14,12,0,1.234567,-0.456789,9.806650,0.123456,-0.789012,0.456789
162113.50,10.002141,76.379250,0.17,12,0,1.234567,-0.456789,9.806650,0.123456,-0.789012,0.456789
162113.60,10.002141,76.379250,0.11,12,0,1.234567,-0.456789,9.806650,0.123456,-0.789012,0.456789
162113.70,10.002141,76.379250,0.06,12,0,1.234567,-0.456789,9.806650,0.123456,-0.789012,0.456789
162113.80,10.002141,76.379250,0.17,12,0,1.234567,-0.456789,9.806650,0.123456,-0.789012,0.456789
162113.90,10.002141,76.379250,0.20,12,0,1.234567,-0.456789,9.806650,0.123456,-0.789012,0.456789
162114.00,10.002141,76.379250,0.18,12,0,1.234567,-0.456789,9.806650,0.123456,-0.789012,0.456789
162114.10,10.002141,76.379250,0.17,12,0,1.234567,-0.456789,9.806650,0.123456,-0.789012,0.456789
162114.20,10.002141,76.379250,0.41,12,0,1.234567,-0.456789,9.806650,0.123456,-0.789012,0.456789
162114.30,10.002141,76.379250,0.10,12,0,1.234567,-0.456789,9.806650,0.123456,-0.789012,0.456789
162114.40,10.002141,76.379250,0.11,12,0,1.234567,-0.456789,9.806650,0.123456,-0.789012,0.456789
162114.50,10.002141,76.379250,0.05,12,0,1.234567,-0.456789,9.806650,0.123456,-0.789012,0.456789
162114.60,10.002141,76.379250,0.19,12,0,1.234567,-0.456789,9.806650,0.123456,-0.789012,0.456789
162114.70,10.002141,76.379250,0.20,12,0,1.234567,-0.456789,9.806650,0.123456,-0.789012,0.456789
162114.80,10.002141,76.379250,0.23,12,0,1.234567,-0.456789,9.806650,0.123456,-0.789012,0.456789
162114.90,10.002141,76.379250,0.16,12,0,1.234567,-0.456789,9.806650,0.123456,-0.789012,0.456789
162115.00,10.002142,76.379250,0.28,12,0,1.234567,-0.456789,9.806650,0.123456,-0.789012,0.456789
162115.10,10.002142,76.379250,0.17,12,0,1.234567,-0.456789,9.806650,0.123456,-0.789012,0.456789
162115.20,10.002142,76.379250,0.06,12,0,1.234567,-0.456789,9.806650,0.123456,-0.789012,0.456789
162115.30,10.002142,76.379250,0.34,12,0,1.234567,-0.456789,9.806650,0.123456,-0.789012,0.456789
162115.40,10.002142,76.379250,0.21,12,0,1.234567,-0.456789,9.806650,0.123456,-0.789012,0.456789
162115.50,10.002142,76.379250,0.11,12,0,1.234567,-0.456789,9.806650,0.123456,-0.789012,0.456789
162115.60,10.002142,76.379250,0.24,12,0,1.234567,-0.456789,9.806650,0.123456,-0.789012,0.456789
162115.70,10.002142,76.379250,0.13,12,0,1.234567,-0.456789,9.806650,0.123456,-0.789012,0.456789
162115.80,10.002142,76.379250,0.01,12,0,1.234567,-0.456789,9.806650,0.123456,-0.789012,0.456789
162115.90,10.002142,76.379250,0.18,12,0,1.234567,-0.456789,9.806650,0.123456,-0.789012,0.456789
162116.00,10.002142,76.379250,0.13,12,0,1.234567,-0.456789,9.806650,0.123456,-0.789012,0.456789
162116.10,10.002142,76.379250,0.30,12,0,1.234567,-0.456789,9.806650,0.123456,-0.789012,0.456789
162116.20,10.002142,76.379250,0.04,12,0,1.234567,-0.456789,9.806650,0.123456,-0.789012,0.456789
162116.30,10.002142,76.379250,0.18,12,0,1.234567,-0.456789,9.806650,0.123456,-0.789012,0.456789
162116.40,10.002142,76.379250,0.11,12,0,1.234567,-0.456789,9.806650,0.123456,-0.789012,0.456789
162116.50,10.002142,76.379250,0.30,12,0,1.234567,-0.456789,9.806650,0.123456,-0.789012,0.456789
162116.60,10.002142,76.379250,0.36,12,0,1.234567,-0.456789,9.806650,0.123456,-0.789012,0.456789
162116.70,10.002142,76.379250,0.10,12,0,1.234567,-0.456789,9.806650,0.123456,-0.789012,0.456789
162116.80,10.002142,76.379250,0.11,12,0,1.234567,-0.456789,9.806650,0.123456,-0.789012,0.456789
162116.90,10.002142,76.379250,0.31,12,0,1.234567,-0.456789,9.806650,0.123456,-0.789012,0.456789
162117.00,10.002142,76.379250,0.06,12,0,1.234567,-0.456789,9.806650,0.123456,-0.789012,0.456789
162117.10,10.002142,76.379250,0.31,12,0,1.234567,-0.456789,9.806650,0.123456,-0.789012,0.456789
162117.20,10.002142,76.379250,0.14,12,0,1.234567,-0.456789,9.806650,0.123456,-0.789012,0.456789
162117.30,10.002142,76.379250,0.04,12,0,1.234567,-0.456789,9.806650,0.123456,-0.789012,0.456789
162117.40,10.002142,76.379250,0.19,12,0,1.234567,-0.456789,9.806650,0.123456,-0.789012,0.456789
162117.50,10.002142,76.379250,0.17,12,0,1.234567,-0.456789,9.806650,0.123456,-0.789012,0.456789
162117.60,10.002142,76.379257,0.13,12,0,1.234567,-0.456789,9.806650,0.123456,-0.789012,0.456789
162117.70,10.002142,76.379257,0.14,12,0,1.234567,-0.456789,9.806650,0.123456,-0.789012,0.456789
162117.80,10.002142,76.379257,0.23,12,0,1.234567,-0.456789,9.806650,0.123456,-0.789012,0.456789
162117.90,10.002142,76.379257,0.05,12,0,1.234567,-0.456789,9.806650,0.123456,-0.789012,0.456789
162118.00,10.002142,76.379257,0.22,12,0,1.234567,-0.456789,9.806650,0.123456,-0.789012,0.456789
162118.10,10.002142,76.379257,0.14,12,0,1.234567,-0.456789,9.806650,0.123456,-0.789012,0.456789
162118.20,10.002142,76.379257,0.12,12,0,1.234567,-0.456789,9.806650,0.123456,-0.789012,0.456789
162118.30,10.002142,76.379257,0.19,12,0,1.234567,-0.456789,9.806650,0.123456,-0.789012,0.456789
162118.40,10.002142,76.379257,0.05,12,0,1.234567,-0.456789,9.806650,0.123456,-0.789012,0.456789
162118.50,10.002142,76.379257,0.09,12,0,1.234567,-0.456789,9.806650,0.123456,-0.789012,0.456789
162118.60,10.002142,76.379257,0.36,12,0,1.234567,-0.456789,9.806650,0.123456,-0.789012,0.456789
162118.70,10.002142,76.379257,0.18,12,0,1.234567,-0.456789,9.806650,0.123456,-0.789012,0.456789
162118.80,10.002142,76.379257,0.31,12,0,1.234567,-0.456789,9.806650,0.123456,-0.789012,0.456789
162118.90,10.002142,76.379257,0.23,12,0,1.234567,-0.456789,9.806650,0.123456,-0.789012,0.456789
162119.00,10.002142,76.379257,0.39,12,0,1.234567,-0.456789,9.806650,0.123456,-0.789012,0.456789
162119.10,10.002142,76.379257,0.27,12,0,1.234567,-0.456789,9.806650,0.123456,-0.789012,0.456789
162119.20,10.002142,76.379257,0.07,12,0,1.234567,-0.456789,9.806650,0.123456,-0.789012,0.456789
162119.30,10.002142,76.379257,0.25,12,0,1.234567,-0.456789,9.806650,0.123456,-0.789012,0.456789
162119.40,10.002142,76.379257,0.28,12,0,1.234567,-0.456789,9.806650,0.123456,-0.789012,0.456789
162119.50,10.002142,76.379257,0.04,12,0,1.234567,-0.456789,9.806650,0.123456,-0.789012,0.456789
162119.60,10.002142,76.379257,0.29,12,0,1.234567,-0.456789,9.806650,0.123456,-0.789012,0.456789
162119.70,10.002142,76.379257,0.35,12,0,1.234567,-0.456789,9.806650,0.123456,-0.789012,0.456789
162119.80,10.002142,76.379257,0.29,12,0,1.234567,-0.456789,9.806650,0.123456,-0.789012,0.456789
162119.90,10.002143,76.379257,0.26,12,0,1.234567,-0.456789,9.806650,0.123456,-0.789012,0.456789
162120.00,10.002143,76.379257,0.25,12,0,1.234567,-0.456789,9.806650,0.123456,-0.789012,0.456789
162120.10,10.002143,76.379257,0.04,12,0,1.234567,-0.456789,9.806650,0.123456,-0.789012,0.456789
162120.20,10.002143,76.379257,0.10,12,0,1.234567,-0.456789,9.806650,0.123456,-0.789012,0.456789
162120.30,10.002143,76.379257,0.16,12,0,1.234567,-0.456789,9.806650,0.123456,-0.789012,0.456789
162120.40,10.002143,76.379257,0.14,12,0,1.234567,-0.456789,9.806650,0.123456,-0.789012,0.456789
162120.50,10.002143,76.379257,0.28,12,0,1.234567,-0.456789,9.806650,0.123456,-0.789012,0.456789
162120.60,10.002143,76.379257,0.29,12,0,1.234567,-0.456789,9.806650,0.123456,-0.789012,0.456789
162120.70,10.002143,76.379257,0.17,12,0,1.234567,-0.456789,9.806650,0.123456,-0.789012,0.456789
162120.80,10.002143,76.379257,0.16,12,0,1.234567,-0.456789,9.806650,0.123456,-0.789012,0.456789
162120.90,10.002143,76.379257,0.27,12,0,1.234567,-0.456789,9.806650,0.123456,-0.789012,0.456789
162121.00,10.002143,76.379257,0.12,12,0,1.234567,-0.456789,9.806650,0.123456,-0.789012,0.456789
162121.10,10.002143,76.379257,0.16,12,0,1.234567,-0.456789,9.806650,0.123456,-0.789012,0.456789
162121.20,10.002143,76.379257,0.28,12,0,1.234567,-0.456789,9.806650,0.123456,-0.789012,0.456789
162121.30,10.002143,76.379257,0.13,12,0,1.234567,-0.456789,9.806650,0.123456,-0.789012,0.456789
162121.40,10.002143,76.379257,0.17,12,0,1.234567,-0.456789,9.806650,0.123456,-0.789012,0.456789
162121.50,10.002143,76.379257,0.11,12,0,1.234567,-0.456789,9.806650,0.123456,-0.789012,0.456789
162121.60,10.002143,76.379257,0.19,12,0,1.234567,-0.456789,9.806650,0.123456,-0.789012,0.456789
162121.70,10.002143,76.379257,0.08,12,0,1.234567,-0.456789,9.806650,0.123456,-0.789012,0.456789
162121.80,10.002143,76.379257,0.37,12,0,1.234567,-0.456789,9.806650,0.123456,-0.789012,0.456789
162121.90,10.002143,76.379257,0.37,12,0,1.234567,-0.456789,9.806650,0.123456,-0.789012,0.456789
162122.00,10.002143,76.379257,0.26,12,0,1.234567,-0.456789,9.806650,0.123456,-0.789012,0.456789
162122.10,10.002143,76.379257,0.25,12,0,1.234567,-0.456789,9.806650,0.123456,-0.789012,0.456789
162122.20,10.002143,76.379257,0.11,12,0,1.234567,-0.456789,9.806650,0.123456,-0.789012,0.456789
162122.30,10.002143,76.379257,0.39,12,0,1.234567,-0.456789,9.806650,0.123456,-0.789012,0.456789
162122.40,10.002143,76.379257,0.24,12,0,1.234567,-0.456789,9.806650,0.123456,-0.789012,0.456789
162122.50,10.002143,76.379257,0.16,12,0,1.234567,-0.456789,9.806650,0.123456,-0.789012,0.456789
162122.60,10.002143,76.379257,0.40,12,0,1.234567,-0.456789,9.806650,0.123456,-0.789012,0.456789
162122.70,10.002143,76.379257,0.30,12,0,1.234567,-0.456789,9.806650,0.123456,-0.789012,0.456789
162122.80,10.002143,76.379257,0.08,12,0,1.234567,-0.456789,9.806650,0.123456,-0.789012,0.456789
162122.90,10.002143,76.379257,0.12,12,0,1.234567,-0.456789,9.806650,0.123456,-0.789012,0.456789
162123.00,10.002143,76.379257,0.09,12,0,1.234567,-0.456789,9.806650,0.123456,-0.789012,0.456789
162123.10,10.002143,76.379257,0.25,12,0,1.234567,-0.456789,9.806650,0.123456,-0.789012,0.456789
162123.20,10.002143,76.379257,0.21,12,0,1.234567,-0.456789,9.806650,0.123456,-0.789012,0.456789
162123.30,10.002143,76.379257,0.10,12,0,1.234567,-0.456789,9.806650,0.123456,-0.789012,0.456789
162123.40,10.002143,76.379257,0.15,12,0,1.234567,-0.456789,9.806650,0.123456,-0.789012,0.456789
162123.50,10.002144,76.379257,0.16,12,0,1.234567,-0.456789,9.806650,0.123456,-0.789012,0.456789
162123.60,10.002143,76.379257,0.08,12,0,1.234567,-0.456789,9.806650,0.123456,-0.789012,0.456789
162123.70,10.002144,76.379257,0.11,12,0,1.234567,-0.456789,9.806650,0.123456,-0.789012,0.456789
162123.80,10.002144,76.379257,0.26,12,0,1.234567,-0.456789,9.806650,0.123456,-0.789012,0.456789
162123.90,10.002144,76.379257,0.05,12,0,1.234567,-0.456789,9.806650,0.123456,-0.789012,0.456789
162124.00,10.002144,76.379257,0.33,12,0,1.234567,-0.456789,9.806650,0.123456,-0.789012,0.456789
162124.10,10.002144,76.379257,0.26,12,0,1.234567,-0.456789,9.806650,0.123456,-0.789012,0.456789
162124.20,10.002144,76.379257,0.10,12,0,1.234567,-0.456789,9.806650,0.123456,-0.789012,0.456789
162124.30,10.002144,76.379257,0.41,12,0,1.234567,-0.456789,9.806650,0.123456,-0.789012,0.456789
162124.40,10.002144,76.379257,0.13,12,0,1.234567,-0.456789,9.806650,0.123456,-0.789012,0.456789
162124.50,10.002144,76.379257,0.15,12,0,1.234567,-0.456789,9.806650,0.123456,-0.789012,0.456789
162124.60,10.002144,76.379257,0.12,12,0,1.234567,-0.456789,9.806650,0.123456,-0.789012,0.456789
162124.70,10.002144,76.379257,0.25,12,0,1.234567,-0.456789,9.806650,0.123456,-0.789012,0.456789
162124.80,10.002144,76.379257,0.24,12,0,1.234567,-0.456789,9.806650,0.123456,-0.789012,0.456789
162124.90,10.002144,76.379257,0.12,12,0,1.234567,-0.456789,9.806650,0.123456,-0.789012,0.456789
162125.00,10.002144,76.379257,0.10,12,0,1.234567,-0.456789,9.806650,0.123456,-0.789012,0.456789
162125.10,10.002144,76.379257,0.20,12,0,1.234567,-0.456789,9.806650,0.123456,-0.789012,0.456789
162125.20,10.002144,76.379257,0.11,12,0,1.234567,-0.456789,9.806650,0.123456,-0.789012,0.456789
162125.30,10.002144,76.379257,0.12,12,0,1.234567,-0.456789,9.806650,0.123456,-0.789012,0.456789
162125.40,10.002144,76.379257,0.12,12,0,1.234567,-0.456789,9.806650,0.123456,-0.789012,0.456789
162125.50,10.002144,76.379257,0.01,12,0,1.234567,-0.456789,9.806650,0.123456,-0.789012,0.456789
162125.60,10.002144,76.379257,0.03,12,0,1.234567,-0.456789,9.806650,0.123456,-0.789012,0.456789
162125.70,10.002144,76.379257,0.27,12,0,1.234567,-0.456789,9.806650,0.123456,-0.789012,0.456789
162125.80,10.002144,76.379257,0.10,12,0,1.234567,-0.456789,9.806650,0.123456,-0.789012,0.456789
162125.90,10.002144,76.379257,0.15,12,0,1.234567,-0.456789,9.806650,0.123456,-0.789012,0.456789
162126.00,10.002144,76.379257,0.03,12,0,1.234567,-0.456789,9.806650,0.123456,-0.789012,0.456789
162126.10,10.002144,76.379257,0.22,12,0,1.234567,-0.456789,9.806650,0.123456,-0.789012,0.456789
162126.20,10.002144,76.379257,0.14,12,0,1.234567,-0.456789,9.806650,0.123456,-0.789012,0.456789
162126.30,10.002144,76.379257,0.09,12,0,1.234567,-0.456789,9.806650,0.123456,-0.789012,0.456789
162126.40,10.002144,76.379257,0.06,12,0,1.234567,-0.456789,9.806650,0.123456,-0.789012,0.456789
162126.50,10.002144,76.379257,0.12,12,0,1.234567,-0.456789,9.806650,0.123456,-0.789012,0.456789
162126.60,10.002144,76.379257,0.26,12,0,1.234567,-0.456789,9.806650,0.123456,-0.789012,0.456789
162126.70,10.002144,76.379257,0.06,12,0,1.234567,-0.456789,9.806650,0.123456,-0.789012,0.456789
162126.80,10.002144,76.379257,0.11,12,0,1.234567,-0.456789,9.806650,0.123456,-0.789012,0.456789
162126.90,10.002144,76.379257,0.22,12,0,1.234567,-0.456789,9.806650,0.123456,-0.789012,0.456789
162127.00,10.002144,76.379257,0.15,12,0,1.234567,-0.456789,9.806650,0.123456,-0.789012,0.456789
162127.10,10.002144,76.379257,0.24,12,0,1.234567,-0.456789,9.806650,0.123456,-0.789012,0.456789
162127.20,10.002144,76.379257,0.08,12,0,1.234567,-0.456789,9.806650,0.123456,-0.789012,0.456789
162127.30,10.002144,76.379257,0.02,12,0,1.234567,-0.456789,9.806650,0.123456,-0.789012,0.456789
162127.40,10.002144,76.379257,0.38,12,0,1.234567,-0.456789,9.806650,0.123456,-0.789012,0.456789
162127.50,10.002144,76.379257,0.05,12,0,1.234567,-0.456789,9.806650,0.123456,-0.789012,0.456789
162127.60,10.002144,76.379257,0.13,12,0,1.234567,-0.456789,9.806650,0.123456,-0.789012,0.456789
162127.70,10.002144,76.379257,0.32,12,0,1.234567,-0.456789,9.806650,0.123456,-0.789012,0.456789
162127.80,10.002144,76.379257,0.05,12,0,1.234567,-0.456789,9.806650,0.123456,-0.789012,0.456789
162127.90,10.002144,76.379257,0.09,12,0,1.234567,-0.456789,9.806650,0.123456,-0.789012,0.456789
162128.00,10.002144,76.379257,0.30,12,0,1.234567,-0.456789,9.806650,0.123456,-0.789012,0.456789
162128.10,10.002144,76.379257,0.12,12,0,1.234567,-0.456789,9.806650,0.123456,-0.789012,0.456789
162128.20,10.002144,76.379257,0.09,12,0,1.234567,-0.456789,9.806650,0.123456,-0.789012,0.456789
162128.30,10.002144,76.379257,0.25,12,0,1.234567,-0.456789,9.806650,0.123456,-0.789012,0.456789
162128.40,10.002144,76.379257,0.22,12,0,1.234567,-0.456789,9.806650,0.123456,-0.789012,0.456789
162128.50,10.002144,76.379257,0.05,12,0,1.234567,-0.456789,9.806650,0.123456,-0.789012,0.456789
162128.60,10.002144,76.379257,0.18,12,0,1.234567,-0.456789,9.806650,0.123456,-0.789012,0.456789
162128.70,10.002144,76.379257,0.14,12,0,1.234567,-0.456789,9.806650,0.123456,-0.789012,0.456789
162128.80,10.002144,76.379257,0.10,12,0,1.234567,-0.456789,9.806650,0.123456,-0.789012,0.456789
162128.90,10.002144,76.379257,0.08,12,0,1.234567,-0.456789,9.806650,0.123456,-0.789012,0.456789
162129.00,10.002144,76.379257,0.10,12,0,1.234567,-0.456789,9.806650,0.123456,-0.789012,0.456789
162129.10,10.002144,76.379257,0.12,12,0,1.234567,-0.456789,9.806650,0.123456,-0.789012,0.456789
162129.20,10.002144,76.379265,0.05,12,0,1.234567,-0.456789,9.806650,0.123456,-0.789012,0.456789
162129.30,10.002144,76.379265,0.10,12,0,1.234567,-0.456789,9.806650,0.123456,-0.789012,0.456789
162129.40,10.002144,76.379265,0.05,12,0,1.234567,-0.456789,9.806650,0.123456,-0.789012,0.456789
162129.50,10.002144,76.379265,0.11,12,0,1.234567,-0.456789,9.806650,0.123456,-0.789012,0.456789
162129.60,10.002144,76.379265,0.07,12,0,1.234567,-0.456789,9.806650,0.123456,-0.789012,0.456789
162129.70,10.002144,76.379265,0.02,12,0,1.234567,-0.456789,9.806650,0.123456,-0.789012,0.456789
162129.80,10.002144,76.379265,0.15,12,0,1.234567,-0.456789,9.806650,0.123456,-0.789012,0.456789
162129.90,10.002144,76.379265,0.04,12,0,1.234567,-0.456789,9.806650,0.123456,-0.789012,0.456789
162130.00,10.002144,76.379265,0.16,12,0,1.234567,-0.456789,9.806650,0.123456,-0.789012,0.456789
162130.20,10.002144,76.379265,0.06,12,0,1.234567,-0.456789,9.806650,0.123456,-0.789012,0.456789
162130.30,10.002144,76.379265,0.10,12,0,1.234567,-0.456789,9.806650,0.123456,-0.789012,0.456789
162130.40,10.002144,76.379265,0.16,12,0,1.234567,-0.456789,9.806650,0.123456,-0.789012,0.456789
162130.50,10.002144,76.379265,0.07,12,0,1.234567,-0.456789,9.806650,0.123456,-0.789012,0.456789
162130.60,10.002144,76.379265,0.20,12,0,1.234567,-0.456789,9.806650,0.123456,-0.789012,0.456789
162130.70,10.002144,76.379265,0.08,12,0,1.234567,-0.456789,9.806650,0.123456,-0.789012,0.456789
162130.80,10.002144,76.379265,0.18,12,0,1.234567,-0.456789,9.806650,0.123456,-0.789012,0.456789
162130.90,10.002144,76.379265,0.24,12,0,1.234567,-0.456789,9.806650,0.123456,-0.789012,0.456789
162131.00,10.002144,76.379265,0.12,12,0,1.234567,-0.456789,9.806650,0.123456,-0.789012,0.456789
162131.10,10.002145,76.379265,0.26,12,0,1.234567,-0.456789,9.806650,0.123456,-0.789012,0.456789
162131.20,10.002145,76.379265,0.12,12,0,1.234567,-0.456789,9.806650,0.123456,-0.789012,0.456789
162131.30,10.002145,76.379265,0.21,12,0,1.234567,-0.456789,9.806650,0.123456,-0.789012,0.456789
162131.40,10.002145,76.379265,0.10,12,0,1.234567,-0.456789,9.806650,0.123456,-0.789012,0.456789
162131.50,10.002145,76.379265,0.06,12,0,1.234567,-0.456789,9.806650,0.123456,-0.789012,0.456789
162131.60,10.002145,76.379265,0.16,12,0,1.234567,-0.456789,9.806650,0.123456,-0.789012,0.456789
162131.70,10.002145,76.379265,0.19,12,0,1.234567,-0.456789,9.806650,0.123456,-0.789012,0.456789
162131.80,10.002145,76.379265,0.21,12,0,1.234567,-0.456789,9.806650,0.123456,-0.789012,0.456789
162131.90,10.002145,76.379265,0.19,12,0,1.234567,-0.456789,9.806650,0.123456,-0.789012,0.456789
162132.00,10.002145,76.379265,0.08,12,0,1.234567,-0.456789,9.806650,0.123456,-0.789012,0.456789
162132.20,10.002145,76.379265,0.33,12,0,1.234567,-0.456789,9.806650,0.123456,-0.789012,0.456789
162132.30,10.002145,76.379265,0.28,12,0,1.234567,-0.456789,9.806650,0.123456,-0.789012,0.456789
162132.40,10.002145,76.379265,0.30,12,0,1.234567,-0.456789,9.806650,0.123456,-0.789012,0.456789
162132.50,10.002145,76.379265,0.06,12,0,1.234567,-0.456789,9.806650,0.123456,-0.789012,0.456789
162132.60,10.002145,76.379265,0.31,12,0,1.234567,-0.456789,9.806650,0.123456,-0.789012,0.456789
162132.70,10.002145,76.379265,0.23,12,0,1.234567,-0.456789,9.806650,0.123456,-0.789012,0.456789
162132.80,10.002145,76.379265,0.12,12,0,1.234567,-0.456789,9.806650,0.123456,-0.789012,0.456789
162132.90,10.002145,76.379265,0.24,12,0,1.234567,-0.456789,9.806650,0.123456,-0.789012,0.456789
162133.00,10.002145,76.379265,0.16,12,0,1.234567,-0.456789,9.806650,0.123456,-0.789012,0.456789
162133.10,10.002145,76.379265,0.30,12,0,1.234567,-0.456789,9.806650,0.123456,-0.789012,0.456789
162133.20,10.002145,76.379265,0.15,12,0,1.234567,-0.456789,9.806650,0.123456,-0.789012,0.456789
162133.30,10.002145,76.379265,0.11,12,0,1.234567,-0.456789,9.806650,0.123456,-0.789012,0.456789
162133.40,10.002145,76.379265,0.22,12,0,1.234567,-0.456789,9.806650,0.123456,-0.789012,0.456789
162133.50,10.002145,76.379265,0.21,12,0,1.234567,-0.456789,9.806650,0.123456,-0.789012,0.456789
162133.60,10.002145,76.379265,0.30,12,0,1.234567,-0.456789,9.806650,0.123456,-0.789012,0.456789
162133.70,10.002145,76.379265,0.17,12,0,1.234567,-0.456789,9.806650,0.123456,-0.789012,0.456789
162133.80,10.002145,76.379265,0.06,12,0,1.234567,-0.456789,9.806650,0.123456,-0.789012,0.456789
162133.90,10.002145,76.379265,0.13,12,0,1.234567,-0.456789,9.806650,0.123456,-0.789012,0.456789
162134.00,10.002145,76.379265,0.14,12,0,1.234567,-0.456789,9.806650,0.123456,-0.789012,0.456789
162134.10,10.002145,76.379265,0.19,12,0,1.234567,-0.456789,9.806650,0.123456,-0.789012,0.456789
162134.20,10.002145,76.379265,0.06,12,0,1.234567,-0.456789,9.806650,0.123456,-0.789012,0.456789
162134.30,10.002145,76.379265,0.11,12,0,1.234567,-0.456789,9.806650,0.123456,-0.789012,0.456789
162134.40,10.002145,76.379265,0.16,12,0,1.234567,-0.456789,9.806650,0.123456,-0.789012,0.456789
162134.50,10.002146,76.379265,0.20,12,0,1.234567,-0.456789,9.806650,0.123456,-0.789012,0.456789
162134.60,10.002146,76.379265,0.10,12,0,1.234567,-0.456789,9.806650,0.123456,-0.789012,0.456789
162134.70,10.002146,76.379265,0.10,12,0,1.234567,-0.456789,9.806650,0.123456,-0.789012,0.456789
162134.80,10.002146,76.379265,0.13,12,0,1.234567,-0.456789,9.806650,0.123456,-0.789012,0.456789
162134.90,10.002146,76.379265,0.25,12,0,1.234567,-0.456789,9.806650,0.123456,-0.789012,0.456789
162135.00,10.002146,76.379265,0.04,12,0,1.234567,-0.456789,9.806650,0.123456,-0.789012,0.456789
162135.10,10.002146,76.379265,0.27,12,0,1.234567,-0.456789,9.806650,0.123456,-0.789012,0.456789
162135.20,10.002146,76.379265,0.14,12,0,1.234567,-0.456789,9.806650,0.123456,-0.789012,0.456789
162135.30,10.002146,76.379265,0.26,12,0,1.234567,-0.456789,9.806650,0.123456,-0.789012,0.456789
162135.40,10.002146,76.379265,0.20,12,0,1.234567,-0.456789,9.806650,0.123456,-0.789012,0.456789
162135.50,10.002146,76.379265,0.25,12,0,1.234567,-0.456789,9.806650,0.123456,-0.789012,0.456789
162135.60,10.002146,76.379265,0.15,12,0,1.234567,-0.456789,9.806650,0.123456,-0.789012,0.456789
162135.70,10.002146,76.379265,0.09,12,0,1.234567,-0.456789,9.806650,0.123456,-0.789012,0.456789
162135.80,10.002146,76.379265,0.09,12,0,1.234567,-0.456789,9.806650,0.123456,-0.789012,0.456789
162135.90,10.002146,76.379265,0.20,12,0,1.234567,-0.456789,9.806650,0.123456,-0.789012,0.456789
162136.00,10.002146,76.379265,0.09,12,0,1.234567,-0.456789,9.806650,0.123456,-0.789012,0.456789
162136.10,10.002146,76.379265,0.20,12,0,1.234567,-0.456789,9.806650,0.123456,-0.789012,0.456789
162136.20,10.002146,76.379265,0.20,12,0,1.234567,-0.456789,9.806650,0.123456,-0.789012,0.456789
162136.30,10.002146,76.379265,0.10,12,0,1.234567,-0.456789,9.806650,0.123456,-0.789012,0.456789
162136.40,10.002146,76.379265,0.15,12,0,1.234567,-0.456789,9.806650,0.123456,-0.789012,0.456789
162136.50,10.002146,76.379265,0.26,12,0,1.234567,-0.456789,9.806650,0.123456,-0.789012,0.456789
162136.60,10.002146,76.379265,0.16,12,0,1.234567,-0.456789,9.806650,0.123456,-0.789012,0.456789
162136.70,10.002146,76.379265,0.06,12,0,1.234567,-0.456789,9.806650,0.123456,-0.789012,0.456789
162136.80,10.002146,76.379265,0.02,12,0,1.234567,-0.456789,9.806650,0.123456,-0.789012,0.456789
162136.90,10.002146,76.379265,0.12,12,0,1.234567,-0.456789,9.806650,0.123456,-0.789012,0.456789
162137.00,10.002146,76.379265,0.22,12,0,1.234567,-0.456789,9.806650,0.123456,-0.789012,0.456789
162137.10,10.002146,76.379265,0.10,12,0,1.234567,-0.456789,9.806650,0.123456,-0.789012,0.456789
162137.20,10.002146,76.379265,0.11,12,0,1.234567,-0.456789,9.806650,0.123456,-0.789012,0.456789
162137.30,10.002146,76.379265,0.14,12,0,1.234567,-0.456789,9.806650,0.123456,-0.789012,0.456789
162137.40,10.002146,76.379265,0.17,12,0,1.234567,-0.456789,9.806650,0.123456,-0.789012,0.456789
162137.50,10.002146,76.379265,0.33,12,0,1.234567,-0.456789,9.806650,0.123456,-0.789012,0.456789
162137.60,10.002146,76.379265,0.05,12,0,1.234567,-0.456789,9.806650,0.123456,-0.789012,0.456789
162137.70,10.002146,76.379265,0.05,12,0,1.234567,-0.456789,9.806650,0.123456,-0.789012,0.456789
162137.80,10.002146,76.379265,0.23,12,0,1.234567,-0.456789,9.806650,0.123456,-0.789012,0.456789
162137.90,10.002146,76.379265,0.20,12,0,1.234567,-0.456789,9.806650,0.123456,-0.789012,0.456789
162138.00,10.002146,76.379265,0.16,12,0,1.234567,-0.456789,9.806650,0.123456,-0.789012,0.456789
162138.10,10.002146,76.379265,0.16,12,0,1.234567,-0.456789,9.806650,0.123456,-0.789012,0.456789
162138.20,10.002146,76.379265,0.26,12,0,1.234567,-0.456789,9.806650,0.123456,-0.789012,0.456789
162138.30,10.002146,76.379265,0.16,12,0,1.234567,-0.456789,9.806650,0.123456,-0.789012,0.456789
162138.40,10.002146,76.379265,0.15,12,0,1.234567,-0.456789,9.806650,0.123456,-0.789012,0.456789
162138.50,10.002146,76.379265,0.10,12,0,1.234567,-0.456789,9.806650,0.123456,-0.789012,0.456789
162138.60,10.002146,76.379265,0.21,12,0,1.234567,-0.456789,9.806650,0.123456,-0.789012,0.456789
162138.70,10.002146,76.379265,0.50,12,0,1.234567,-0.456789,9.806650,0.123456,-0.789012,0.456789
162138.80,10.002146,76.379265,0.26,12,0,1.234567,-0.456789,9.806650,0.123456,-0.789012,0.456789
162138.90,10.002146,76.379265,0.21,12,0,1.234567,-0.456789,9.806650,0.123456,-0.789012,0.456789
162139.00,10.002146,76.379265,0.11,12,0,1.234567,-0.456789,9.806650,0.123456,-0.789012,0.456789
162139.10,10.002146,76.379265,0.21,12,0,1.234567,-0.456789,9.806650,0.123456,-0.789012,0.456789
162139.20,10.002146,76.379265,0.24,12,0,1.234567,-0.456789,9.806650,0.123456,-0.789012,0.456789
162139.30,10.002146,76.379265,0.02,12,0,1.234567,-0.456789,9.806650,0.123456,-0.789012,0.456789
162139.40,10.002146,76.379265,0.08,12,0,1.234567,-0.456789,9.806650,0.123456,-0.789012,0.456789
162139.50,10.002146,76.379265,0.14,12,0,1.234567,-0.456789,9.806650,0.123456,-0.789012,0.456789
162139.60,10.002146,76.379265,0.22,12,0,1.234567,-0.456789,9.806650,0.123456,-0.789012,0.456789
162139.70,10.002146,76.379265,0.29,12,0,1.234567,-0.456789,9.806650,0.123456,-0.789012,0.456789
162139.80,10.002146,76.379265,0.22,12,0,1.234567,-0.456789,9.806650,0.123456,-0.789012,0.456789
162139.90,10.002146,76.379265,0.13,12,0,1.234567,-0.456789,9.806650,0.123456,-0.789012,0.456789
162140.00,10.002146,76.379265,0.07,12,0,1.234567,-0.456789,9.806650,0.123456,-0.789012,0.456789
162140.10,10.002146,76.379265,0.33,12,0,1.234567,-0.456789,9.806650,0.123456,-0.789012,0.456789
162140.20,10.002146,76.379265,0.16,12,0,1.234567,-0.456789,9.806650,0.123456,-0.789012,0.456789
162140.30,10.002146,76.379265,0.04,12,0,1.234567,-0.456789,9.806650,0.123456,-0.789012,0.456789
162140.40,10.002146,76.379265,0.12,12,0,1.234567,-0.456789,9.806650,0.123456,-0.789012,0.456789
162140.50,10.002146,76.379265,0.03,12,0,1.234567,-0.456789,9.806650,0.123456,-0.789012,0.456789
162140.60,10.002146,76.379265,0.21,12,0,1.234567,-0.456789,9.806650,0.123456,-0.789012,0.456789
162140.70,10.002146,76.379265,0.22,12,0,1.234567,-0.456789,9.806650,0.123456,-0.789012,0.456789
162140.80,10.002146,76.379265,0.22,12,0,1.234567,-0.456789,9.806650,0.123456,-0.789012,0.456789
162140.90,10.002146,76.379265,0.09,12,0,1.234567,-0.456789,9.806650,0.123456,-0.789012,0.456789
162141.00,10.002146,76.379265,0.05,12,0,1.234567,-0.456789,9.806650,0.123456,-0.789012,0.456789
162141.10,10.002146,76.379265,0.27,12,0,1.234567,-0.456789,9.806650,0.123456,-0.789012,0.456789
162141.20,10.002146,76.379265,0.16,12,0,1.234567,-0.456789,9.806650,0.123456,-0.789012,0.456789
162141.30,10.002147,76.379265,0.23,12,0,1.234567,-0.456789,9.806650,0.123456,-0.789012,0.456789
162141.40,10.002147,76.379265,0.10,12,0,1.234567,-0.456789,9.806650,0.123456,-0.789012,0.456789
162141.50,10.002147,76.379265,0.12,12,0,1.234567,-0.456789,9.806650,0.123456,-0.789012,0.456789
162141.60,10.002147,76.379265,0.24,12,0,1.234567,-0.456789,9.806650,0.123456,-0.789012,0.456789
162141.70,10.002147,76.379265,0.19,12,0,1.234567,-0.456789,9.806650,0.123456,-0.789012,0.456789
162141.80,10.002147,76.379265,0.04,12,0,1.234567,-0.456789,9.806650,0.123456,-0.789012,0.456789
162141.90,10.002147,76.379265,0.21,12,0,1.234567,-0.456789,9.806650,0.123456,-0.789012,0.456789
162142.00,10.002147,76.379265,0.04,12,0,1.234567,-0.456789,9.806650,0.123456,-0.789012,0.456789
162142.10,10.002147,76.379265,0.15,12,0,1.234567,-0.456789,9.806650,0.123456,-0.789012,0.456789
162142.20,10.002147,76.379265,0.18,12,0,1.234567,-0.456789,9.806650,0.123456,-0.789012,0.456789
162142.30,10.002147,76.379272,0.09,12,0,1.234567,-0.456789,9.806650,0.123456,-0.789012,0.456789
162142.40,10.002147,76.379265,0.24,12,0,1.234567,-0.456789,9.806650,0.123456,-0.789012,0.456789
162142.50,10.002147,76.379272,0.12,12,0,1.234567,-0.456789,9.806650,0.123456,-0.789012,0.456789
162142.60,10.002147,76.379272,0.18,12,0,1.234567,-0.456789,9.806650,0.123456,-0.789012,0.456789
162142.70,10.002147,76.379272,0.13,12,0,1.234567,-0.456789,9.806650,0.123456,-0.789012,0.456789
162142.80,10.002147,76.379272,0.40,12,0,1.234567,-0.456789,9.806650,0.123456,-0.789012,0.456789
162142.90,10.002147,76.379272,0.07,12,0,1.234567,-0.456789,9.806650,0.123456,-0.789012,0.456789
162143.00,10.002147,76.379272,0.29,12,0,1.234567,-0.456789,9.806650,0.123456,-0.789012,0.456789
162143.10,10.002147,76.379272,0.31,12,0,1.234567,-0.456789,9.806650,0.123456,-0.789012,0.456789
162143.20,10.002147,76.379272,0.08,12,0,1.234567,-0.456789,9.806650,0.123456,-0.789012,0.456789
162143.30,10.002147,76.379272,0.16,12,0,1.234567,-0.456789,9.806650,0.123456,-0.789012,0.456789
162143.40,10.002147,76.379272,0.25,12,0,1.234567,-0.456789,9.806650,0.123456,-0.789012,0.456789
162143.50,10.002148,76.379272,0.16,12,0,1.234567,-0.456789,9.806650,0.123456,-0.789012,0.456789
162143.60,10.002148,76.379272,0.20,12,0,1.234567,-0.456789,9.806650,0.123456,-0.789012,0.456789
162143.70,10.002148,76.379272,0.02,12,0,1.234567,-0.456789,9.806650,0.123456,-0.789012,0.456789
162143.80,10.002148,76.379272,0.42,12,0,1.234567,-0.456789,9.806650,0.123456,-0.789012,0.456789
162143.90,10.002148,76.379272,0.12,12,0,1.234567,-0.456789,9.806650,0.123456,-0.789012,0.456789
162144.00,10.002148,76.379272,0.10,12,0,1.234567,-0.456789,9.806650,0.123456,-0.789012,0.456789
162144.10,10.002148,76.379272,0.14,12,0,1.234567,-0.456789,9.806650,0.123456,-0.789012,0.456789
162144.20,10.002148,76.379272,0.21,12,0,1.234567,-0.456789,9.806650,0.123456,-0.789012,0.456789
162144.30,10.002148,76.379272,0.04,12,0,1.234567,-0.456789,9.806650,0.123456,-0.789012,0.456789
162144.40,10.002148,76.379272,0.12,12,0,1.234567,-0.456789,9.806650,0.123456,-0.789012,0.456789
162144.50,10.002148,76.379272,0.20,12,0,1.234567,-0.456789,9.806650,0.123456,-0.789012,0.456789
162144.60,10.002148,76.379272,0.09,12,0,1.234567,-0.456789,9.806650,0.123456,-0.789012,0.456789
162144.70,10.002148,76.379272,0.19,12,0,1.234567,-0.456789,9.806650,0.123456,-0.789012,0.456789
162144.80,10.002148,76.379272,0.12,12,0,1.234567,-0.456789,9.806650,0.123456,-0.789012,0.456789
162144.90,10.002148,76.379272,0.14,12,0,1.234567,-0.456789,9.806650,0.123456,-0.789012,0.456789
162145.00,10.002148,76.379272,0.20,12,0,1.234567,-0.456789,9.806650,0.123456,-0.789012,0.456789
162145.10,10.002148,76.379272,0.06,12,0,1.234567,-0.456789,9.806650,0.123456,-0.789012,0.456789
162145.20,10.002148,76.379272,0.23,12,0,1.234567,-0.456789,9.806650,0.123456,-0.789012,0.456789
162145.30,10.002148,76.379272,0.19,12,0,1.234567,-0.456789,9.806650,0.123456,-0.789012,0.456789
162145.40,10.002148,76.379272,0.10,12,0,1.234567,-0.456789,9.806650,0.123456,-0.789012,0.456789
162145.50,10.002148,76.379272,0.18,12,0,1.234567,-0.456789,9.806650,0.123456,-0.789012,0.456789
162145.60,10.002148,76.379272,0.17,12,0,1.234567,-0.456789,9.806650,0.123456,-0.789012,0.456789
162145.70,10.002148,76.379272,0.16,12,0,1.234567,-0.456789,9.806650,0.123456,-0.789012,0.456789
162145.80,10.002148,76.379272,0.12,12,0,1.234567,-0.456789,9.806650,0.123456,-0.789012,0.456789
162145.90,10.002148,76.379272,0.10,12,0,1.234567,-0.456789,9.806650,0.123456,-0.789012,0.456789
162146.00,10.002148,76.379272,0.11,12,0,1.234567,-0.456789,9.806650,0.123456,-0.789012,0.456789
162146.10,10.002148,76.379272,0.10,12,0,1.234567,-0.456789,9.806650,0.123456,-0.789012,0.456789
162146.20,10.002148,76.379272,0.06,12,0,1.234567,-0.456789,9.806650,0.123456,-0.789012,0.456789
162146.30,10.002148,76.379272,0.24,12,0,1.234567,-0.456789,9.806650,0.123456,-0.789012,0.456789
162146.40,10.002148,76.379272,0.24,12,0,1.234567,-0.456789,9.806650,0.123456,-0.789012,0.456789
162146.50,10.002148,76.379272,0.06,12,0,1.234567,-0.456789,9.806650,0.123456,-0.789012,0.456789
162146.60,10.002148,76.379272,0.16,12,0,1.234567,-0.456789,9.806650,0.123456,-0.789012,0.456789
162146.70,10.002148,76.379272,0.18,12,0,1.234567,-0.456789,9.806650,0.123456,-0.789012,0.456789
162146.80,10.002148,76.379272,0.04,12,0,1.234567,-0.456789,9.806650,0.123456,-0.789012,0.456789
162146.90,10.002148,76.379272,0.15,12,0,1.234567,-0.456789,9.806650,0.123456,-0.789012,0.456789
162147.00,10.002148,76.379272,0.14,12,0,1.234567,-0.456789,9.806650,0.123456,-0.789012,0.456789
162147.10,10.002148,76.379272,0.10,12,0,1.234567,-0.456789,9.806650,0.123456,-0.789012,0.456789
162147.20,10.002148,76.379272,0.07,12,0,1.234567,-0.456789,9.806650,0.123456,-0.789012,0.456789
162147.30,10.002148,76.379272,0.19,12,0,1.234567,-0.456789,9.806650,0.123456,-0.789012,0.456789
162147.40,10.002149,76.379272,0.17,12,0,1.234567,-0.456789,9.806650,0.123456,-0.789012,0.456789
162147.50,10.002148,76.379272,0.08,12,0,1.234567,-0.456789,9.806650,0.123456,-0.789012,0.456789
162147.60,10.002148,76.379272,0.12,12,0,1.234567,-0.456789,9.806650,0.123456,-0.789012,0.456789
162147.70,10.002149,76.379272,0.20,12,0,1.234567,-0.456789,9.806650,0.123456,-0.789012,0.456789
162147.80,10.002149,76.379272,0.29,12,0,1.234567,-0.456789,9.806650,0.123456,-0.789012,0.456789
162147.90,10.002149,76.379272,0.09,12,0,1.234567,-0.456789,9.806650,0.123456,-0.789012,0.456789
162148.00,10.002149,76.379272,0.31,12,0,1.234567,-0.456789,9.806650,0.123456,-0.789012,0.456789
162148.10,10.002149,76.379272,0.25,12,0,1.234567,-0.456789,9.806650,0.123456,-0.789012,0.456789
162148.20,10.002149,76.379272,0.04,12,0,1.234567,-0.456789,9.806650,0.123456,-0.789012,0.456789
162148.30,10.002149,76.379272,0.21,12,0,1.234567,-0.456789,9.806650,0.123456,-0.789012,0.456789
162148.40,10.002149,76.379272,0.25,12,0,1.234567,-0.456789,9.806650,0.123456,-0.789012,0.456789
162148.50,10.002149,76.379272,0.25,12,0,1.234567,-0.456789,9.806650,0.123456,-0.789012,0.456789
162148.60,10.002149,76.379272,0.11,12,0,1.234567,-0.456789,9.806650,0.123456,-0.789012,0.456789
162148.70,10.002149,76.379272,0.02,12,0,1.234567,-0.456789,9.806650,0.123456,-0.789012,0.456789
162148.80,10.002149,76.379272,0.09,12,0,1.234567,-0.456789,9.806650,0.123456,-0.789012,0.456789
162148.90,10.002149,76.379272,0.29,12,0,1.234567,-0.456789,9.806650,0.123456,-0.789012,0.456789
162149.00,10.002149,76.379272,0.11,12,0,1.234567,-0.456789,9.806650,0.123456,-0.789012,0.456789
162149.10,10.002149,76.379272,0.19,12,0,1.234567,-0.456789,9.806650,0.123456,-0.789012,0.456789
162149.20,10.002149,76.379272,0.05,12,0,1.234567,-0.456789,9.806650,0.123456,-0.789012,0.456789
162149.30,10.002149,76.379272,0.27,12,0,1.234567,-0.456789,9.806650,0.123456,-0.789012,0.456789
162149.40,10.002149,76.379272,0.14,12,0,1.234567,-0.456789,9.806650,0.123456,-0.789012,0.456789
162149.50,10.002149,76.379272,0.08,12,0,1.234567,-0.456789,9.806650,0.123456,-0.789012,0.456789
162149.60,10.002148,76.379272,0.19,12,0,1.234567,-0.456789,9.806650,0.123456,-0.789012,0.456789
162149.70,10.002149,76.379272,0.14,12,0,1.234567,-0.456789,9.806650,0.123456,-0.789012,0.456789
162149.80,10.002149,76.379272,0.15,12,0,1.234567,-0.456789,9.806650,0.123456,-0.789012,0.456789
162149.90,10.002149,76.379272,0.13,12,0,1.234567,-0.456789,9.806650,0.123456,-0.789012,0.456789
162150.00,10.002149,76.379272,0.19,12,0,1.234567,-0.456789,9.806650,0.123456,-0.789012,0.456789
162150.10,10.002149,76.379272,0.09,12,0,1.234567,-0.456789,9.806650,0.123456,-0.789012,0.456789
162150.20,10.002149,76.379272,0.14,12,0,1.234567,-0.456789,9.806650,0.123456,-0.789012,0.456789
162150.30,10.002149,76.379272,0.13,12,0,1.234567,-0.456789,9.806650,0.123456,-0.789012,0.456789
162150.40,10.002149,76.379272,0.16,12,0,1.234567,-0.456789,9.806650,0.123456,-0.789012,0.456789
162150.50,10.002149,76.379272,0.21,12,0,1.234567,-0.456789,9.806650,0.123456,-0.789012,0.456789
162150.60,10.002149,76.379272,0.15,12,0,1.234567,-0.456789,9.806650,0.123456,-0.789012,0.456789
162150.70,10.002149,76.379272,0.04,12,0,1.234567,-0.456789,9.806650,0.123456,-0.789012,0.456789
162150.80,10.002149,76.379272,0.12,12,0,1.234567,-0.456789,9.806650,0.123456,-0.789012,0.456789
162150.90,10.002149,76.379272,0.22,12,0,1.234567,-0.456789,9.806650,0.123456,-0.789012,0.456789
162151.00,10.002149,76.379272,0.08,12,0,1.234567,-0.456789,9.806650,0.123456,-0.789012,0.456789
162151.10,10.002149,76.379272,0.20,12,0,1.234567,-0.456789,9.806650,0.123456,-0.789012,0.456789
162151.20,10.002149,76.379272,0.25,12,0,1.234567,-0.456789,9.806650,0.123456,-0.789012,0.456789
